full_name,HashiCorp Sentinel,Open Policy Agent (OPA),Pulumi,Cedar Policy Language (CPL),Kyverno OSS,Cloud Custodian,AWS Config,OpagateKeeper
094459/cedar-flask-demo,0,0,0,1,0,0,0,0
1Strategy/cloud-custodian-demo,0,0,0,0,0,4,0,0
1upD/propper-2013,17,0,0,0,0,0,0,0
3scale-labs/kiper,0,10,0,0,0,0,0,0
404954-TomasRivetta/Api-Cine,1,0,0,0,0,0,0,0
4linux/541,0,3,0,0,0,0,0,5
4linux/543,0,0,0,0,0,0,0,3
5t33/tf-cloud-workspaces-demo,4,0,0,0,0,0,0,0
a2-4am/4cade,0,0,0,0,0,0,8,0
a2d24/python-opa-wasm,0,4,0,0,0,0,0,0
aavarghese/opa-schema-examples,0,11,0,0,0,0,0,0
ACED-IDP/data_model,0,0,0,0,0,4,0,0
acryldata/datahub-cloudformation,0,0,0,0,5,0,0,0
adamjimenez/shiftedit,0,0,0,0,0,0,17,0
adhar-io/adhar,0,0,0,0,22,0,0,0
AdminTurnedDevOps/kubernetes-examples,0,0,0,0,1,0,0,2
AdminTurnedDevOps/kubernetes-real-world-course,0,0,0,0,0,0,0,2
AfricanAgroAid/AARR-Backend,1,0,0,0,0,0,0,0
ai-solution-eng/frameworks,0,0,0,0,4,0,0,0
aileron-gateway/aileron-gateway,0,14,0,0,0,0,0,0
ajcwebdev/a-first-look,0,0,1,0,0,0,0,0
akbarali2019/C-with-.NET-Framework,1,0,0,0,0,0,0,0
akudrati/Azure-Policy,0,18,0,0,0,0,0,9
akunull/piloslib,14,0,0,0,0,0,0,0
alcideio/rbac-tool,0,0,0,0,0,0,0,0
alephdata/offshoreleaks,0,0,0,0,0,1,0,0
Alex-Infnet/asp_net_infnet,6,0,0,0,0,0,0,0
AlexRogalskiy/android-patterns,0,6,0,0,0,0,0,0
AlexRogalskiy/kotlin-patterns,0,6,0,0,0,0,0,0
AlexRogalskiy/proverbs,0,6,0,0,0,0,0,0
AlexRogalskiy/scala-patterns,0,6,0,0,0,0,0,0
AlexRogalskiy/spark-patterns,0,6,0,0,0,0,0,0
alezhao/microsoft-devhack,2,0,0,0,0,0,0,0
amigavision/AmigaVision,0,0,0,0,0,0,0,0
Aminmiri82/PersonalGPTAssistant,0,0,0,0,0,0,3,0
anamariapanait10/FMI-BS-Resources,0,0,0,0,0,0,0,0
anderseknert/opa-policy-composition,0,8,0,0,0,0,0,0
andreealalaaaa/ZeroToHero,1,0,0,0,0,0,0,0
Andrei-Fabian-Pop/University,1,0,0,0,0,0,0,0
angrycub/nomad_example_jobs,2,0,0,0,0,0,0,0
AnikG-Org/devops-practice,0,0,0,0,1,0,0,0
appdevgbb/Project-Stormbreaker,0,0,0,0,1,0,0,0
appscode-cloud/ui-wizards,0,0,0,0,0,0,0,5
aptakube/kubespec.dev,0,0,0,0,181,0,0,0
aquasecurity/postee,0,38,0,0,0,0,0,0
aquasecurity/tracee-action,0,2,0,0,0,0,0,0
aquasecurity/trivy,0,43,0,0,0,0,0,0
aquasecurity/trivy-checks,0,1052,0,0,0,0,0,0
ARamsay118/ARamsay-HoloLens,2,0,0,0,0,0,0,0
argoproj/argo-cd,0,0,0,0,11,0,0,0
armenr/5thK8s,0,0,0,0,2,0,0,0
armstat/sdg-data-armenia,0,0,0,0,0,1,0,0
Arsenio2044/arsenio-src,29,0,0,0,0,0,0,0
art-santos/language-database-benchmark,0,0,93,0,0,0,0,0
ArthurVardevanyan/HomeLab,0,0,0,0,6,0,0,0
artifacthub/hub,0,5,0,0,1,0,0,0
asbjorn-dev/MiniProjekt2023,2,0,0,0,0,0,0,0
aserto-dev/policy-aona,0,95,0,0,0,0,0,0
aserto-dev/runtime,0,15,0,0,0,0,0,0
ashok-an/flask-opa,0,2,0,0,0,0,0,0
askmeegs/build-a-platform-with-krm,0,0,0,0,0,0,0,2
AtakanDengiz/video-conference-project,0,0,0,0,0,0,0,0
atheiman/katacoda-scenarios,0,0,0,0,0,0,0,4
Avni-Sharma/gitopscon_na_2022_session,0,0,0,0,21,0,0,0
aws-cloudformation/aws-cloudformation-templates,0,0,0,0,1,0,1,0
aws-cloudformation/aws-guard-rules-registry,0,0,0,0,0,0,210,0
aws-cloudformation/cloudformation-guard,0,0,0,0,0,0,45,0
aws-ia/cfn-abi-aws-reference-guide,0,0,0,0,0,1,0,0
aws-samples/amazon-verified-permissions-asp-dotnet-core-custom-auth-policy-provider,0,0,0,6,0,0,0,0
aws-samples/aws-cloud-custodian-sample-collection,0,0,0,0,0,169,0,0
aws-samples/aws-control-tower-cicd-cloud-custodian,0,0,0,0,0,3,0,0
aws-samples/aws-do-hyperpod,0,0,0,0,2,0,0,0
aws-samples/aws-infra-policy-as-code-with-terraform,0,186,0,0,0,0,0,0
aws-samples/aws-security-hub-findings-export,0,0,0,0,0,0,0,0
aws-samples/aws-securityhub-automated-remediations-workshop,0,0,0,0,0,3,0,0
aws-samples/awsome-distributed-training,0,0,0,0,2,0,0,0
aws-samples/cedar-policy-validation-pipeline,0,0,0,7,0,0,0,0
aws-samples/cfn101-workshop,0,0,0,0,0,0,2,0
aws-samples/container-patterns,0,0,6,0,0,0,7,0
aws-samples/eks-security-compromised-cluster-remediation,0,0,0,0,0,0,0,6
aws-samples/flux-eks-gitops-config,0,0,0,0,11,0,0,0
aws-samples/generative-ai-newsletter-app,0,0,0,7,0,0,0,0
aws-samples/hpc-applications,0,0,0,0,4,0,0,0
aws-samples/observability-with-amazon-opensearch,0,0,0,0,2,0,0,0
aws-samples/preventive-security-controls-in-pulumi-iac-pipeline,0,0,11,0,0,0,0,0
aws-samples/saas-authnz-demo-with-amazon-cognito,0,0,0,5,0,0,0,0
aws-samples/sample-emr-eks-hive-metastore-patterns,0,0,0,0,1,0,0,0
aws-samples/sample-packages-for-aws-tnb,0,0,0,0,2,0,0,0
aws-solutions-library-samples/guidance-for-automated-geospatial-insights-engine-on-aws,0,0,0,15,0,0,0,0
awslabs/avp-local-agent,0,0,0,2,0,0,0,0
awslabs/aws-config-rdk,0,0,0,0,1,0,1,0
awslabs/aws-iam-access-analyzer-policy-validation-config-rule,0,0,0,0,0,0,1,0
awslabs/aws-service-catalog-products,0,0,0,0,0,10,0,0
awslabs/cedar-access-control-for-k8s,0,0,0,0,0,0,0,0
awslabs/crossplane-on-eks,0,0,0,0,3,0,0,7
awslabs/idf-modules,0,0,0,0,38,0,0,0
awslabs/sustainability-scanner,0,0,0,0,0,0,10,0
aws/aws-app-mesh-examples,0,0,0,0,1,0,0,0
aws/aws-cdk,0,0,0,0,0,0,0,0
aws/aws-eks-best-practices,0,0,0,0,5,0,0,23
aws/aws-parallelcluster,0,0,0,0,3,0,0,0
aws/aws-sdk-go,0,0,0,0,0,0,13,0
aws/aws-sdk-net,0,0,0,0,0,0,19,0
aws/aws-sdk-php,0,0,0,0,0,0,13,0
aws/aws-sdk-ruby,0,0,0,0,0,0,13,0
AzeemGhumman/iqbal-demystified-dataset,0,0,0,0,0,9,0,0
Azure-Samples/aks-labs,0,0,0,0,0,0,0,1
Azure-Samples/azure-digital-twins-getting-started,2,0,0,0,0,0,0,0
azure-terraform-workshop/terraform-workshop-labs,2,0,0,0,0,0,0,0
Azure/aks-app-routing-operator,0,0,0,0,0,0,0,45
Azure/aks-ctf,0,0,0,0,0,0,0,1
Azure/aks-engine-azurestack,0,0,0,0,0,0,0,1
Azure/ARO-RP,0,11,0,0,0,0,0,7
Azure/ato-toolkit,0,0,0,0,0,0,0,0
Azure/azure-policy,0,9,0,0,0,0,0,71
Azure/azure-remote-rendering,4,0,0,0,0,0,0,0
Azure/AzureDefender-K8S-InClusterDefense,0,2,0,0,0,0,0,3
Azure/Community-Policy,0,26,0,0,0,0,0,18
Azure/draft,0,0,0,0,0,0,0,24
Azure/sg-aks-workshop,0,0,0,0,0,0,0,1
Azure/ShieldGuard,0,11,0,0,0,0,0,0
babywyrm/sysadmin,0,0,0,0,2,0,0,2
bacalhau-project/bacalhau,0,12,0,0,0,0,0,0
bacen/pix-dict-api,0,0,0,0,0,1,0,0
bachingo/TF2Vintage,6,0,0,0,0,0,0,0
back-stack/everything-as-code,0,0,0,0,5,0,0,0
badri-k7/aws-devops,0,0,0,0,1,0,0,0
balningau/gimste,0,0,0,0,0,1,0,0
banzaicloud/pipeline,0,0,0,0,1,0,0,0
baptistelabat/frydom,0,0,0,1,0,0,0,0
barringtonhaynes/lambda-extension-opa,0,1,0,0,0,0,0,0
bcgov/bcbox,0,0,0,0,0,1,0,0
bcgov/ckanext-bcgov-schema,0,0,0,0,0,1,0,0
bcgov/common-hosted-email-service,0,0,0,0,0,1,0,0
bcgov/MFIN-Data-Catalogue,0,0,0,0,0,6,0,0
bcgov/nr-forests-access-management,0,0,0,0,0,1,0,0
bcgov/pubcode,0,0,0,0,0,2,0,0
Bearer/bearer,0,6,0,0,0,0,0,0
beiciliang/aws-bootcamp-cruddur-2023,0,0,0,0,0,0,2,0
BeryJu/k8s,0,0,0,0,1,0,0,0
besley/Slickflow,2,0,0,0,0,0,0,0
bikram20/opa-gatekeeper-examples,0,0,0,0,0,0,0,2
binxio/aws-cfn-update,0,0,0,0,0,0,1,0
bioinformatics-ua/montra,0,0,0,0,0,2,0,0
blockchain-working-group/blockchain-playbook,0,0,0,0,0,1,0,0
bluprince13/notesapp,0,0,0,2,0,0,0,0
bmeg/bmeg-etl,0,0,0,0,0,2,0,0
bmeg/iceberg,0,0,0,0,0,5,0,0
bmuschko/cks-crash-course,0,0,0,0,0,0,0,1
boostsecurityio/poutine,0,27,0,0,0,0,0,0
borgeby/jarl,0,12,0,0,0,0,0,0
boyism80/fb,0,0,10,0,0,0,0,0
BrunoReboul/ram-config-template,0,48,0,0,0,0,0,0
BrunoReboul/terraform-google-realtime-asset-monitor,0,3,0,0,0,0,0,0
btkrausen/hashicorp,2,2,0,0,0,0,0,0
build-on-aws/bookstore-demo-app-with-authz,0,0,0,1,0,0,0,0
busraylmz/DeepLearningModelVisualization,2,0,0,0,0,0,0,0
buttahtoast/helm-charts,0,0,0,0,0,0,0,1
buvis/clusters,0,0,0,0,6,0,0,0
C0nsultant/homelab-as-code,0,0,0,0,3,0,0,0
C5T/asbyrgi,0,21,0,0,0,0,0,0
Calvitix/Stellaris-French-Translation-Pack,0,0,0,0,0,21,0,0
canonical/snapd,0,0,0,0,0,6,0,0
Capstone-Projects-2022-Spring/project-anemone,0,0,0,0,0,0,0,0
carbonetes/brainiac,0,2916,0,0,0,0,0,0
CBIIT/icdc-devops,0,0,0,0,0,6,0,0
cdklabs/cdk-validator-cfnguard,0,0,0,0,0,0,238,0
cdklabs/cdk-verified-permissions,0,0,0,7,0,0,0,0
cedar-policy/cedar,0,0,0,66,0,0,0,0
cedar-policy/cedar-examples,0,4,0,25,0,0,0,0
cedar-policy/cedar-integration-tests,0,0,0,22,0,0,0,0
cedar-policy/cedar-java,0,0,0,6,0,0,0,0
cedar-policy/cedar-local-agent,0,0,0,12,0,0,0,0
cedar-policy/cedar-spec,0,0,0,1,0,0,0,0
cedar-policy/highlightjs-cedar,0,0,0,12,0,0,0,0
cedar-policy/prism-cedar,0,0,0,12,0,0,0,0
cedar-policy/rfcs,0,0,0,2,0,0,0,0
cedar-policy/vscode-cedar,0,0,0,17,0,0,0,0
celesrenata/nixos-k3s-configs,0,0,0,0,2,0,0,0
celest-dev/cedar-dart,0,0,0,2,0,0,0,0
celest-dev/celest,0,0,0,5,0,0,0,0
ch-stark/governance-best-practises-for-apps,0,0,0,0,51,0,0,0
ch-stark/maptoseveralstandards,0,0,0,0,29,0,0,0
ch-stark/policies-demo,0,0,0,0,0,0,0,1
ch-stark/policies-demo-blog,0,0,0,0,0,0,0,7
chaijunkin/home-ops,0,0,0,0,3,0,0,0
chainloop-dev/chainloop,0,18,0,0,0,0,0,0
chaitin/veinmind-tools,0,55,0,0,0,0,0,0
charlieegan3/policing-christmas-trees,0,11,0,0,0,0,0,0
charmed-kubernetes/jenkins,0,0,0,0,0,0,0,1
chaymaster/SourceSDK2013-Swelter,8,0,0,0,0,0,0,0
Checkmarx/kics,0,1754,0,0,0,0,5,0
chef/automate,0,6,0,0,0,0,0,0
CHERIoT-Platform/network-stack,0,1,0,0,0,0,0,0
chipzoller/kyverno-pss,0,0,0,0,21,0,0,0
choria-io/aaasvc,0,6,0,0,0,0,0,0
choria-io/go-choria,0,15,0,0,0,0,0,0
chrisarcand/terraform-tests,5,0,0,0,0,0,0,0
chrisns/k8s-opa-boilerplate,0,2,0,0,0,0,0,2
christophwille/dotnet-opa-wasm,0,7,0,0,0,0,0,0
Cigna/confectionery,0,202,0,0,0,0,0,0
cioos-atlantic/metadata-waf,0,0,0,0,0,192,0,0
CircleCI-Public/circle-policy-agent,0,27,0,0,0,0,0,0
CircleCI-Public/circleci-cli,0,6,0,0,0,0,0,0
cisagov/ScubaGear,0,64,0,0,0,0,0,0
cisagov/ScubaGoggles,0,80,0,0,0,0,0,0
cisco-kusanagi/mibs.snmplabs.com,0,0,0,0,0,0,1,0
CiscoDevNet/sdwan-devops,0,1,0,0,0,0,0,0
cjoster/engagementstuff,0,0,0,0,0,0,0,7
claughinghouse/k8s-gitops,0,0,0,0,3,0,0,0
claytsay/Full-Life-The-RPG-Source-SDK-2013-,27,0,0,0,0,0,0,0
cleardataeng/resource-policy-evaluation-library,0,77,0,0,0,0,0,0
cloud-custodian/cloud-custodian,0,0,0,0,0,93,5,0
cloud-custodian/helm-charts,0,0,0,0,0,11,0,0
cloudavail/snippets,0,0,0,0,8,0,0,0
Cloudflare-Mining/Cloudflare-Datamining,0,0,0,0,0,0,0,0
cloudify-community/eaas-example,0,0,0,0,2,0,0,0
cloudkats/docker-tools,0,0,0,0,0,0,0,0
CloudNativeGBB/cluster-baseline,0,6,0,0,0,0,0,4
cloudnativehero/cks-prep,0,3,0,0,0,0,0,5
cloudposse/atmos,0,8,0,0,0,0,0,0
cloudposse/terraform-provider-utils,0,5,0,0,0,0,0,0
cloudposse/terraform-spacelift-cloud-infrastructure-automation,0,18,0,0,0,0,0,0
cloudwu/stellaris_cn,0,0,0,0,0,29,0,0
cncf/devstats,0,0,0,0,0,2,0,0
cncf/landscape2-sites,0,0,0,0,0,0,0,0
CoderSaiya/BE_XDPMHDT,1,0,0,0,0,0,0,0
Coit-IO/coit-simple-microservice,0,0,0,0,3,0,0,0
commercialhaskell/all-cabal-metadata,0,0,0,0,0,2,0,0
common-fate/cedar-validate-action,0,0,0,2,0,0,0,0
ComradDoge/DogeEU4,0,0,0,0,0,14,0,0
concourse/concourse,0,1,0,0,0,0,0,0
confidential-containers/cloud-api-adaptor,0,0,0,0,0,0,0,0
confidential-containers/trustee,0,19,0,0,0,0,0,0
confluentinc/policy-library-confluent-terraform,45,0,0,0,0,0,0,0
ContainerSSH/examples,0,2,0,0,0,0,0,0
controlplaneio-fluxcd/d1-infra,0,0,0,0,2,0,0,0
controlplaneio/collie,0,0,0,0,16,1,0,0
controlplaneio/simulator,0,0,0,0,10,0,0,0
controlplaneio/threat-modelling-labs,0,4,0,0,0,0,0,2
controlplaneio/threat-modelling-zero-trust-talk,0,1,0,0,1,0,0,0
copslock/cisco-kusanagi_mibs.snmplabs.com,0,0,0,0,0,0,1,0
couchbase/perfrunner,0,0,0,0,2,0,0,0
courselabs/kubernetes,0,0,0,0,0,0,0,3
crag-h4k/gud-vim,0,2,0,0,0,0,0,0
credbull/credbull-defi,0,0,0,0,0,0,0,0
crossplane-contrib/crossplane-cdk8s,0,0,0,0,2,0,0,0
crossplane-contrib/provider-aws,0,0,0,0,3,0,0,0
crossplane-contrib/provider-upjet-aws,0,0,0,0,9,0,0,0
crossplane/tbs,0,1,0,0,2,0,0,3
CrowdStrike/cloud-pov,0,0,0,0,1,0,0,0
CrunchyData/postgres-operator,0,0,0,0,2,0,0,0
cvat-ai/cvat,0,24,0,0,0,0,0,0
CvGC/dict,0,0,0,0,0,2,0,0
Cxs1103/Kubernetes.config,0,4,0,0,8,0,0,2
CZERTAINLY/CZERTAINLY-Auth-OPA-Policies,0,2,0,0,0,0,0,0
D-Kumar19/RegoPoilicies-Open-Policy-Agent,0,9,0,0,0,0,0,0
dadrus/heimdall,0,1,0,0,0,0,0,0
dany002/UBB-Computer-Science,2,0,0,0,0,0,0,0
danzim/prometheus-provider,0,0,0,0,0,0,0,1
DaoCloud/dce-charts-repackage,0,3,0,0,3,0,0,0
DataBassGit/AssistAF,0,0,0,0,0,1,0,0
DataBiosphere/consent,0,0,0,0,0,2,0,0
DataDog/kics,0,1809,0,0,0,0,5,0
DataDog/security-agent-policies,0,98,0,0,0,0,0,0
datadrivers/opa-policies,0,22,0,0,0,0,0,5
datreeio/CRDs-catalog,0,0,0,0,1,0,0,0
davidclin/cloudcustodian-policies,0,0,0,0,0,46,0,0
davidfox87/crossplane-eks-argocd-mlops,0,0,0,0,1,0,0,0
DavidGitter/nifi-opa-plugin,0,7,0,0,0,0,0,0
davralin/cluster-ops,0,0,0,0,1,0,0,0
DawnbrandBots/yaml-yugipedia,0,0,0,0,0,0,0,0
DeadZoneLuna/css-community,3,0,0,0,0,0,0,0
deanhouaripower/TF-sentinel-lab,8,0,0,0,0,0,0,0
deckhouse/deckhouse,0,0,0,0,0,0,0,39
deepin-community/python-redis,1,0,0,0,0,0,0,0
defenseunicorns/lula,0,4,0,0,0,2,0,0
dejanb/guac-provider,0,0,0,0,0,0,0,2
deliciousmods/1956_beta,0,0,0,0,0,3,0,0
deliveryhero/helm-charts,0,6,0,0,0,0,0,0
dell/helm-charts,0,18,0,0,0,0,0,0
dell/karavi-authorization,0,8,0,0,0,0,0,0
demiban/pulumi-localstack-lambda-example,0,0,1,0,0,0,0,0
denniszielke/container_demos,0,5,0,0,0,0,0,2
department-of-veterans-affairs/vets-website,0,0,0,0,0,2,0,0
deployKF/deployKF,0,0,0,0,15,0,0,0
devantler-tech/platform,0,0,0,0,457,0,0,0
developer-guy/container-image-sign-and-verify-with-cosign-and-opa,0,1,0,0,0,0,0,0
developer-guy/policy-as-code-war,0,0,0,0,3,0,0,2
devops-adeel/terraform-vault-secrets-transit,10,0,0,0,0,0,0,0
devopscert202/k8sforbeginners,0,0,0,0,0,0,0,1
DevOpsRunbook/FastCampus,0,0,0,0,0,0,0,3
devopstales/k8s_sec_lab,0,0,0,0,4,0,0,0
devopstales/trivy-operator,0,0,0,0,3,0,0,0
DevSlop/k8ctf,0,0,0,0,0,0,0,3
devspace-cloud/devspace-cloud,0,12,0,0,0,0,0,0
devtron-labs/utilities,0,0,0,0,4,0,0,0
devxp-tech/gitops,0,0,0,0,1,0,0,0
dfds/dojo,1,0,0,0,0,0,0,0
dhruv-tailor/excelmakesbelhappypack,0,0,0,0,0,7,0,0
diranetafen/cursus-devops,0,0,0,0,1,0,0,0
dirien/pulumi-scaleway,0,0,834,0,0,0,0,0
DiscoverAI/sars-cov-2-drug-design,0,0,0,0,1,0,0,0
dmwm/CMSKubernetes,0,0,0,0,0,0,0,38
dnsimple/dnsimple-api-examples,1,0,0,0,0,0,0,0
DoD-Platform-One/Kyverno-Policies,0,0,0,0,53,0,0,0
DoW-Gray/TemTem,0,0,0,0,0,0,0,0
DownFall-Team/DownFall,2,0,0,0,0,0,0,0
DragonPomelo/trino-opa-example,0,25,0,0,0,0,0,0
Dukksa/Gekko-V9,0,0,0,0,0,11,0,0
duneanalytics/spellbook,0,0,0,0,0,1,0,0
EaW-Team/equestria_dev,0,0,0,0,0,15,0,0
Eclipse-Station/NEV-Northern-Light,0,0,0,0,0,4,0,0
eclipse-symphony/symphony,0,0,0,0,0,0,0,1
eclipse-tractusx/portal,0,0,0,0,0,9,0,0
eclipse-tractusx/sd-factory,0,0,0,0,0,6,0,0
edgelesssys/contrast,0,4,0,0,0,0,0,0
edgelesssys/uplosi,0,1,0,0,0,0,0,0
educates/educates-training-platform,0,0,0,0,11,0,0,0
eksctl-io/eksctl,0,0,0,0,3,0,2,0
elastic/cloud-on-k8s,0,0,0,0,3,0,0,0
elastic/cloudbeat,0,762,0,0,0,0,0,0
elastic/csp-security-policies,0,676,0,0,0,0,0,0
elastic/harp,0,4,0,0,0,0,0,0
elastisys/compliantkubernetes-apps,0,22,0,0,5,0,0,30
element-hq/matrix-authentication-service,0,11,0,0,0,0,0,0
elifesciences/elife-flux-cluster,0,0,0,0,2,0,0,0
EmbarkStudios/opa-policies,0,161,0,0,0,0,0,0
enterprise-contract/ec-cli,0,35,0,0,0,0,0,0
enterprise-contract/ec-policies,0,142,0,0,0,0,0,0
env0/acme-demo,0,1674,2,0,0,0,5,0
env0/acme-fitness,0,4,0,0,0,0,0,0
env0/templates,0,3,3,0,0,0,0,0
EOL/deprecated_eol,0,0,0,0,0,1,0,0
epam/aws-ci-cd-accelerator,0,0,0,0,0,1,0,0
erkules/k8sworkshop,0,0,0,0,18,0,0,10
ernado/oss-estimator,0,0,0,0,0,2,0,0
exploreGit-Ops/infra-repo,0,0,0,0,0,0,0,2
fabianlee/blogcode,0,0,0,0,2,0,0,0
factset/enterprise-sdk,0,0,0,0,0,3,0,0
FairwindsOps/insights-cli,0,10,0,0,0,0,0,0
felixzhu1989/YangZhongkeDotNet,24,0,0,0,0,0,0,0
FernandoCalmet/design-patterns,4,0,0,0,0,0,0,0
fhir-ru/core,0,0,0,0,0,15,0,0
fhir-ru/zendoc,0,0,0,0,0,3,0,0
fischerscode/my-k3s,0,0,0,0,1,0,0,0
fits/try_samples,0,0,4,0,0,0,0,0
fiverr/fiverr.github.io,0,0,0,0,0,1,0,0
FIWARE-Ops/batterypass-demonstrator,0,0,0,0,0,6,0,0
FIWARE/keycloak-vc-issuer,0,0,0,0,0,1,0,0
fjudith/saltstack-kubernetes,0,0,0,0,0,0,0,2
flatt-security/shisho-cloud-managed-workflows,0,666,0,0,0,0,0,0
fleetdm/fleet,0,2,0,0,0,0,0,0
fluxcd/flux2-multi-tenancy,0,0,0,0,2,0,0,0
forbole/soljuno,0,0,0,0,0,1,0,0
Force-Attack/Force-Attack,0,0,0,0,0,4,0,0
fraineralex/RealEstate-App,2,0,0,0,0,0,0,0
frozenmistadventure/fmetp_tutorial_hololens2_stream,6,0,0,0,0,0,0,0
fugue/custom-rules,0,44,0,0,0,0,0,0
fugue/fregot,0,131,0,0,0,0,0,0
functionless/nodejs-closure-serializer,0,0,2,0,0,0,0,0
fybrik/airbyte-module,0,3,0,0,0,0,0,0
g0pinath/k8s-core-infra,0,0,0,0,0,0,0,21
gardener/gardener,0,0,0,0,4,4,0,0
gbif-norway/ChatIPT,0,0,0,0,0,2,0,0
gbrindisi/dockerfile-security,0,1,0,0,0,0,0,0
Geeks-Academy/terraform,2,0,0,0,0,0,0,0
GeoscienceAustralia/dea-knowledge-hub,0,0,0,0,0,77,0,0
getgrit/gritql,0,0,0,0,0,3,0,0
ggreen/spring-geode-showcase,1,0,0,0,0,0,0,0
ghostunnel/ghostunnel,0,3,0,0,0,0,0,0
ghumman/iqbal-demystified-web,0,0,0,0,0,9,0,0
gianluca-moro/SeeingTemperature,4,0,0,0,0,0,0,0
github/codeql,0,0,0,0,0,1,0,0
gmagella-ca/custodian-pipeline,0,0,0,0,0,3,0,0
GoogleCloudPlatform/anthos-config-management-samples,0,0,0,0,0,0,0,6
GoogleCloudPlatform/click-to-deploy,0,0,0,0,0,0,0,1
GoogleCloudPlatform/config-validator,0,2,0,0,0,0,0,6
GoogleCloudPlatform/pbmm-on-gcp-onboarding,0,3,0,0,0,0,0,81
GoogleCloudPlatform/policy-library,0,174,0,0,0,0,0,99
GoogleCloudPlatform/professional-services,0,8,0,0,0,0,0,28
GoogleCloudPlatform/pubsec-declarative-toolkit,0,0,0,0,0,0,0,11
GoogleCloudPlatform/solution-acceleration-toolkit,0,3,0,0,0,0,0,98
GoogleCloudPlatform/terraform-google-enterprise-genai,0,0,0,0,0,0,0,0
GoogleCloudPlatform/terraform-google-secured-data-warehouse,0,3,0,0,0,0,0,81
GoogleCloudPlatform/workload-manager,0,164,0,0,0,0,0,0
GoogleContainerTools/kpt-config-sync,0,0,0,0,0,0,0,11
GoogleContainerTools/kpt-functions-catalog,0,0,0,0,0,0,0,8
GoogleContainerTools/kpt-functions-sdk,0,0,0,0,0,0,0,1
google/gke-policy-automation,0,187,0,0,0,0,0,0
google/oss-fuzz,0,0,0,0,0,1,0,0
GovReady/govready-q,0,0,0,0,0,1,0,0
Gradiant/grad-ssikit-android,0,3,0,0,0,2,0,0
grafana/mimir,0,9,0,0,0,0,0,0
green-button/green-button.github.io,0,0,0,0,0,1,0,0
Green-Software-Foundation/champions,0,0,0,0,0,0,0,0
greenbrian/musical-spork,6,0,0,0,0,0,0,0
gremlin/CloudFormation-Resources,0,0,0,0,1,0,0,0
grommunio/grommunio-meet-mobile,0,0,0,0,0,0,0,0
GSA/sdg-data-usa-staging,0,0,0,0,0,1,0,0
gscho/setup-cloud-custodian,0,0,0,0,0,2,0,0
Guadalsurfers/bullshitmeter,0,0,0,0,0,2,0,0
gucio1200/home-infra,0,0,0,0,3,0,0,0
guidemetothemoon/tech-utils,0,0,0,0,0,0,0,1
GUILLEEBMX/UTN-CORDOBA,4,0,0,0,0,0,0,0
gustcol/Canivete,0,0,0,0,0,0,0,0
h3mmy/bloopySphere,0,0,0,0,18,0,0,0
haacked/haacked.com,0,0,0,0,0,1,0,0
hackercampcz/core,0,0,4,0,0,0,0,0
hagzag/just-do-it,0,0,0,0,0,0,0,1
haraldkoch/kochhaus-home,0,0,0,0,9,0,0,0
hardbyte/netchecks,0,0,0,0,1,0,0,0
harness-community/harnesscd-example-apps,0,0,0,0,1,0,0,0
harness-community/solutions-architecture,0,33,0,0,0,0,0,0
harsh4870/cloud-custodian,0,0,0,0,0,18,4,0
hashicorp-demoapp/infrastructure,13,15,0,0,0,0,0,0
hashicorp-education/learn-sentinel-write-policy,2,0,0,0,0,0,0,0
hashicorp-education/learn-terraform-cost-estimation,1,0,0,0,0,0,0,0
hashicorp-services/enablement-terraform-lab-modules,35,0,0,0,0,0,0,0
hashicorp/demo-terraform-201,2,0,0,0,0,0,0,0
hashicorp/katakoda,2,0,0,0,0,0,0,0
hashicorp/nomad-guides,15,0,0,0,0,0,0,0
hashicorp/observability-as-code,4,0,0,0,0,0,0,0
hashicorp/policy-library-aws-networking-terraform,12,0,0,0,0,0,0,0
hashicorp/policy-library-CIS-Policy-Set-for-AWS-Terraform,10,0,0,0,0,0,0,0
hashicorp/policy-library-gcp-compute-terraform,15,0,0,0,0,0,0,0
hashicorp/policy-library-gcp-databases-terraform,3,0,0,0,0,0,0,0
hashicorp/policy-library-gcp-networking-terraform,27,0,0,0,0,0,0,0
hashicorp/sentinel-sdk,3,0,0,0,0,0,0,0
hashicorp/sentinel-training-solution,54,0,0,0,0,0,0,0
hashicorp/terraform-guides,292,0,0,0,0,0,0,0
hashicorp/terraform-sentinel-policies,386,0,0,0,0,0,0,0
hashicorp/tfc-workshops-sentinel,6,0,0,0,0,0,0,0
hashicorp/tfe-policies-example,13,0,0,0,0,0,0,0
hashicorp/vault-guides,18,0,0,0,0,0,0,0
hashintel/hash,0,0,0,7,0,0,0,0
HC-IPPM/safe-inputs,0,0,0,0,4,0,0,0
hcigroupkonstanz/STREAM,2,0,0,0,0,0,0,0
hcrhall/sentinel-from-scratch,14,0,0,0,0,0,0,0
hcrhall/sentinel-infracost-module,4,0,0,0,0,0,0,0
HealthSamurai/igpop,0,0,0,0,0,12,0,0
helpfulBadger/envoy_getting_started,0,20,0,0,0,0,0,0
herrfeder/AI_Cybersecurity_IDS_PoC,0,0,0,0,1,0,0,0
hexikani/pulsechain-projects,0,0,0,0,0,2,0,0
HHS/hhs-ocdo,0,0,0,0,0,1,0,0
hitcherland/FoundryVTT-Heart,0,0,0,0,0,1,0,0
HL7/davinci-epdx,0,0,0,0,0,1,0,0
hmrc/address-lookup,0,0,0,0,0,0,0,0
hogeschool/webdev-semester,2,0,0,0,0,0,0,0
HoloLabInc/HoloLab.Immersal,2,0,0,0,0,0,0,0
HoloLabInc/ProjectSpirare-for-Unity,11,0,0,0,0,0,0,0
HoudaifaBouamine/Bank_System_On_Team,1,0,0,0,0,0,0,0
HoussemDellai/ProductsStoreOnKubernetes,0,0,0,0,0,0,0,1
HRNGR/DevOps,1,0,0,0,0,0,6,0
huaweicloud/cloud-custodian,0,0,0,0,0,93,5,0
hugolantaume/iso-swift,0,0,0,0,0,0,0,0
Hyperledger-TWGC/tape,0,2,0,0,0,0,0,0
iamsouravin/otelcol-custom-istio-awsxray,0,0,0,0,1,0,0,0
iann0036/former2,0,0,1,0,0,0,1,0
iann0036/iamlive,0,0,0,0,0,0,6,0
IBM-Cloud/terraform-opa-ibm,0,2736,0,0,0,0,0,0
IBM/azure-marketplace-arm-templates,0,0,0,0,0,0,0,0
IBM/cloud-pak-operations-cli,0,0,0,0,1,0,0,0
IBM/integrity-enforcer,0,0,0,0,0,0,0,1
IBM/ITBench-Scenarios,0,1,0,0,4,0,0,0
IBM/portieris,0,0,0,0,0,0,0,0
ICEI-PUC-Minas-PMV-ADS/CaoPortado,1,0,0,0,0,0,0,0
ICEI-PUC-Minas-PMV-ADS/pmv-ads-2022-2-e2-proj-int-t5-PetsON,1,0,0,0,0,0,0,0
ietf-tools/relaton-data-ids,0,0,0,0,0,28,0,0
igniterealtime/openfire-ofmeet-plugin,0,0,0,0,0,0,0,0
ihcsim/linkerd-opa,0,0,0,0,0,0,0,2
iits-consulting/charts,0,0,0,0,9,0,0,0
Iliescu-Dorin/ASP.NET-Core-with-NUXT3,1,0,0,0,0,0,0,0
immersve/immersve-docs,0,0,0,0,0,0,0,0
in4it/aws-config-compliance-checks,0,0,0,0,0,0,0,0
infobloxopen/seal,0,3,0,0,0,0,0,0
inigolabs/inigo-js,0,0,0,0,0,1,0,0
inigolabs/inigo-py,0,0,0,0,0,2,0,0
inigolabs/inigo-rb,0,0,0,0,0,1,0,0
intelops/genval,0,26,0,0,1,0,0,0
intel/cluster-management-toolkit,0,0,0,0,4,0,0,0
intel/intel-policy-library,0,0,0,0,0,0,0,0
intel/policy-library-intel-aws,49,0,0,0,0,0,0,0
intel/policy-library-intel-azure,2,0,0,0,0,0,0,0
intel/SGXDataCenterAttestationPrimitives,0,1,0,0,0,0,0,0
interaction-lab/NRI-SVTE,2,0,0,0,0,0,0,0
invinst/chicago-police-data,0,0,0,0,0,0,0,0
ioggstream/python-course,0,1,0,0,0,0,0,0
IRVLUTD/iTeach,10,0,0,0,0,0,0,0
islet-project/islet,0,2,0,0,0,0,0,0
Israel-Junqueira/Projeto-LocalBus-View,1,0,0,0,0,0,0,0
itisaby/Terraform-OPA,0,2,0,0,0,0,0,0
iuli4n/AR-CYBS-UnityArduinoMultiplayerXR,2,0,0,0,0,0,0,0
IvanParvanovski/SoftUniPractice,0,0,0,0,0,0,0,0
ixxeL-DevOps/GitOps-home,0,0,0,0,13,0,0,0
J0hn-B/k8s_opa,0,0,0,0,0,0,0,1
jakubknejzlik/sst-sfn,0,0,124,0,0,0,0,0
jamalshahverdiev/kyverno,0,0,0,0,50,0,0,0
JaneJeon/self-hosted,0,0,0,0,0,1,0,0
jayissi/Sandbox-ACM-Policy,0,0,0,0,0,0,0,0
jdcast/ar-final-project,11,0,0,0,0,0,0,0
JefeDavis/k8s-HomeOps,0,0,0,0,5,0,0,0
jesse-gonzalez/nai-llm-fleet-infra,0,0,0,0,2,0,0,0
jessemcculloch/UnityOpenXRMRTKBase,2,0,0,0,0,0,0,0
jixiuf/vmacs,0,0,0,0,0,0,0,0
JJGadgets/Biohazard,0,0,0,0,7,0,0,0
jjleng/paka,0,0,4,0,0,0,0,0
jlucaspains/go-rest-template,0,3,0,0,0,0,0,0
joatmon08/tdd-infrastructure,3,9,0,0,0,0,0,0
johanfylling/opa-dependency-manager,0,4,0,0,0,0,0,0
jonashackt/crossplane-eks-cluster,0,0,0,0,1,0,0,0
joshuaspence/homelab,0,2,0,0,0,0,0,0
josineudo-arruda/Park-Manager,1,0,0,0,0,0,0,0
jouve/charts,0,0,0,0,0,0,0,47
jpbarto/private-eks-cluster,0,0,0,0,1,0,0,0
jpetazzo/container.training,0,0,0,0,10,0,0,0
JPMeehan/a5e-for-dnd5e,0,0,0,0,0,1,0,0
jr0dd/home-ops,0,0,0,0,2,0,0,0
jsuereth/o11y-by-design,0,5,0,0,0,0,0,0
jthelin/jthelin.github.io,0,0,0,0,0,0,0,0
jtroberts83/Cloud-Custodian,0,0,0,0,0,19,0,0
juspay/hyperswitch-card-vault,0,0,0,0,0,2,0,0
k0ody/LINUXtips-PICK,0,0,0,0,4,0,0,0
k8s-gadgets/k8s-content-trust,0,7,0,0,0,0,0,0
k8s-operatorhub/community-operators,0,0,0,0,12,0,0,0
k8spin/opa-k8s-development,0,8,0,0,0,0,0,0
k9securityio/cedar-py,0,0,0,6,0,0,0,0
kaiming-uw/AR_UI_Security,2,0,0,0,0,0,0,0
kammous/k8s-tips,0,2,0,0,0,0,0,2
kartoza/ckanext-dalrrd-emc-dcpr,0,0,0,0,0,1,0,0
kartoza/SAEOSS-Portal,0,0,0,0,0,1,0,0
kata-containers/kata-containers,0,5,0,0,0,0,0,0
kcl-lang/modules,0,0,0,0,2,0,0,3
kdash-rs/kdash,0,0,0,0,0,0,0,0
Kekke0/Adatbalapu_Tudasbazis,1,0,0,0,0,0,0,0
killer-sh/cks-course-environment,0,3,0,0,0,0,0,5
kingdonb/kccnceu2021,0,0,0,0,15,0,0,0
kmodules/resource-metadata,0,0,0,0,0,0,0,3
kmsmith137/pyclops,0,0,0,1,0,0,0,0
kmsmith137/simpulse,0,0,0,1,0,0,0,0
koblas/cedar-go,0,0,0,27,0,0,0,0
komodorio/komoplane,0,0,0,0,1,0,0,0
kondukto-io/kntrl,0,11,0,0,0,0,0,0
konfig-dev/konfig,0,0,0,0,0,0,0,0
konflux-ci/konflux-test,0,19,0,0,0,0,0,0
kro-run/kro,0,0,0,0,2,0,0,0
kube-components-stack/kustomization,0,0,0,0,9,0,0,0
kube-tarian/helmrepo-supporting-tools,0,0,0,0,7,0,0,0
kubearmor/KubeArmor,0,0,0,0,26,0,0,0
kubeflow/testing,0,0,0,0,0,0,0,0
KubeOperator/charts,0,3,0,0,0,0,0,2
kubeops/installer,0,0,0,0,0,0,0,46
kubermatic/kubermatic,0,0,0,0,0,0,0,5
kubernetes-sigs/wg-policy-prototypes,0,0,0,0,8,0,0,0
kubescape/regolibrary,0,346,0,0,0,0,0,0
kubeshield/bpf-opa-demo,0,4,0,0,0,0,0,0
kubeslice-ent/egs-installation,0,0,0,0,3,0,0,0
kubesphere/ks-installer,0,0,0,0,0,0,0,2
kubev2v/forklift,0,170,0,0,0,0,0,0
kubewarden/helm-charts,0,0,0,0,1,0,0,0
kubewarden/policy-evaluator,0,10,0,0,0,0,0,0
kvskmech/Cloud-Custodian-Policies,0,0,0,0,0,6,0,0
kyma-project/test-infra,0,0,0,0,0,0,0,14
kyverno/demos,0,0,0,0,79,0,0,0
kyverno/kyverno,0,0,0,0,952,0,0,0
kyverno/playground,0,0,0,0,13,0,0,0
kyverno/policies,0,0,0,0,1184,0,0,0
kyverno/policy-reporter,0,0,0,0,4,0,0,0
L-Leite/source-sdk-csgo,3,0,0,0,0,0,0,0
lawnjarae/github-vault-terraform-demo,9,0,0,0,0,0,0,0
leancloud/satori,1,0,0,0,0,0,0,0
Legit-Labs/legitify,0,15,0,0,0,0,0,0
lenaxia/home-ops-dev,0,0,0,0,7,0,0,0
lenaxia/home-ops-prod,0,0,0,0,7,0,0,0
lftraining/LFS255-code-public,0,0,0,0,17,0,0,0
li10labs/li10-governance,0,0,0,0,0,15,0,0
lightningkite/rxkotlin-plus,0,0,0,0,0,0,0,0
lihaowei1999/IRToolTrackingWithHololens2,7,0,0,0,0,0,0,0
limvi-licef/MATCH,3,0,0,0,0,0,0,0
LinkedInLearning/ASP.NET-NET6-2896920,16,0,0,0,0,0,0,0
liuzikai/HoloScanner,2,0,0,0,0,0,0,0
loft-sh/devspace-quickstart-asp-dotnet,1,0,0,0,0,0,0,0
loft-sh/jspolicy,0,0,0,0,1,0,0,0
Loongson-Cloud-Community/dockerfiles,1,0,0,0,0,0,0,4
LorenData/ECGrid-API,2,0,0,0,0,0,0,0
losvedir/transit-lang-cmp,1,0,0,0,0,0,0,0
lulzzz/cloud-custodian-pipeline-sample,0,0,0,0,0,7,0,0
luminartech/helm-charts-public,0,0,0,0,1,0,0,0
lynge96/kodeOpgaver,4,0,0,0,0,0,0,0
m-mizutani/ghnotify,0,6,0,0,0,0,0,0
m-mizutani/opac,0,8,0,0,0,0,0,0
m0rphtail/Teleport,0,0,0,0,0,0,0,0
m9sweeper/m9sweeper,0,0,0,0,0,0,0,29
MacroPower/homelab,0,0,0,0,7,0,0,0
magda-io/magda,0,74,0,0,0,1,0,0
MagnusHJensen/cedar-code-generator,0,0,0,1,0,0,0,0
MAIF/wasmo,0,4,0,0,0,0,0,0
mamezou-tech/k8s-hands-on,0,0,0,0,0,0,0,2
manheim/manheim-c7n-tools,0,0,0,0,0,12,0,0
mapbox/asset-tracking,0,0,1,0,0,0,0,0
martinohmann/home-ops,0,0,0,0,1,0,0,0
MartinStokholm/DABExercises,2,0,0,0,0,0,0,0
materialsproject/custodian,0,0,0,0,0,3,0,0
materialsvirtuallab/materials.sh,0,0,0,0,0,2,0,0
mathieu-benoit/ci-with-helm,0,0,0,0,0,0,0,2
mathieu-benoit/istio-gatekeeper-demos,0,0,0,0,0,0,0,7
matihost/monorepo,0,0,0,0,0,0,0,0
mattclay/aws-terminator,0,0,0,0,1,0,0,0
mattiasholm/code,0,0,3,0,0,0,0,0
mattycorbett/GazePair,2,0,0,0,0,0,0,0
mawinkler/c1-playground,0,0,0,0,0,0,0,1
maxtacu/ecr-pull-through,0,0,0,0,4,0,0,0
Mellanox/network-operator,0,0,0,0,17,0,0,0
memo33/sc4pac,0,0,0,0,0,2,0,0
merlinepedra/MONGODB-ENTERPRISE,0,0,0,0,0,0,0,7
meshery/meshery,0,20,0,0,0,0,0,0
mesosphere/kommander-applications,0,0,0,0,1,0,0,2
metio/kube-custom-resources-rs,0,0,0,0,10,0,0,4
mia-platform/distribution,0,0,0,0,3,0,0,0
michaelborchert/rdk,0,0,0,0,0,0,0,0
michaelvl/kubernetes-rego-tests,0,9,0,0,0,0,0,0
microfisher/NETCore-Snowflake-Framework,1,0,0,0,0,0,0,0
MicrosoftDocs/mslearn-mr-adt-in-unity,2,0,0,0,0,0,0,0
MicrosoftEdge/WebView2Samples,1,0,0,0,0,0,0,0
microsoft/all-things-azure,0,0,0,0,1,0,0,0
microsoft/azuredatastudio,0,0,0,0,0,0,9,0
microsoft/confidential-aci-examples,0,1,0,0,0,0,0,0
microsoft/dsl-copilot,0,0,0,0,0,1,0,0
microsoft/hcsshim,0,14,0,0,0,0,0,0
microsoft/Ironclad,2,0,0,0,0,0,0,0
microsoft/MRDL_Unity_PeriodicTable,11,0,0,0,0,0,0,0
microsoft/OpenXR-Unity-MixedReality-Samples,6,0,0,0,0,0,0,0
microsoft/rego-cpp,0,29,0,0,0,0,0,0
microsoft/regorus,0,26,0,0,0,0,0,0
mikesname/ehri-ica-atom,0,0,0,0,0,0,0,0
ministryofjustice/cloud-platform-environments,0,24,0,0,0,0,0,0
ministryofjustice/data-catalogue,0,0,0,0,0,11,0,0
ministryofjustice/modernisation-platform,0,14,0,0,0,0,0,0
Misaka-0x447f/telegram-bot.cloudy-misaka,0,0,0,0,0,0,1,0
Misaka-0x447f/xp-oobe,0,0,0,0,0,0,1,0
mitodl/ol-infrastructure,0,0,1,0,0,8,0,0
mitre/ptmatch,0,0,0,0,0,1,0,0
MixedRealityETHZ/HoloScanner,2,0,0,0,0,0,0,0
mkumar8184/fluentvalidation-asp.net6.0,1,0,0,0,0,0,0,0
mongodb/mongodb-enterprise-kubernetes,0,0,0,0,0,0,0,7
mongodb/terraform-provider-mongodbatlas,0,0,0,0,0,0,0,0
MoreEventsMod/More_Events_Mod_Beta,0,0,0,0,0,5,0,0
morgante/deployment-example,0,71,0,0,0,0,0,35
mrgomeza/GatsuGrades,2,0,0,0,0,0,0,0
msdevengers/kubernetes-essentials,0,0,0,0,0,0,0,1
nadgowdas/protect-the-pipe-demo,0,0,0,0,9,0,0,0
nakamasato/kubernetes-training,0,7,0,0,0,0,0,4
nap-it/SafeARCross,1,0,0,0,0,0,0,0
Narrowbeam/cfn-yaml-vs,0,0,0,0,0,0,1,0
narval-xyz/armory,0,94,0,0,0,0,0,0
NASA-SUITS-Daedalus/Daedalus_SUITS_2024,4,0,0,0,0,0,0,0
nationalarchives/tna-custodian,0,0,0,0,0,27,0,0
ndruger/development_tool_test,0,1,0,0,0,0,0,0
Near-One/eth-connector,0,0,0,0,0,2,0,0
negz/crossplane-scale,0,0,0,0,1,0,0,0
nephio-project/catalog,0,0,0,0,0,0,0,1
nephio-project/nephio-example-packages,0,0,0,0,0,0,0,1
nephio-project/nephio-packages,0,0,0,0,0,0,0,2
netscaler/cloud-native-getting-started,0,0,0,0,0,0,0,1
netscaler/netscaler-k8s-ingress-controller,0,0,0,0,0,0,0,7
networkservicemesh/sdk,0,9,0,0,0,0,0,0
Neurone/stellaris-italian-translation,0,0,0,0,0,41,0,0
Neutrollized/free-tier-gke,0,0,0,0,6,0,0,2
nevzatcirak/spring-oauth2-and-opa,0,3,0,0,0,0,0,0
newagemob/intracav-blog,0,0,0,0,0,0,0,0
NewbMiao/opa-koans,0,17,0,0,0,0,0,0
nhsconnect/gpconnect-swagger,0,0,0,0,0,1,0,0
NHSDigital/booking-and-referral-fhir-api,0,0,0,0,0,6,0,0
NHSDigital/IOPS-FHIR-Simplifier-Backup,0,0,0,0,0,0,0,0
NHSDigital/NRLF,0,0,0,0,0,9,0,0
niccoloraspa/talk-kcd-italy-2021-opa-gatekeeper,0,0,0,0,0,0,0,4
NickMortimer/turtle,0,0,0,0,0,3,0,0
NielsG-it/kubernetes_workshop,0,0,0,0,0,0,0,2
nirmata-add-ons/policies,0,0,0,0,27,0,0,0
nirmata/demo-namespaces-as-a-service,0,0,0,0,6,0,0,0
nirmata/kube-bench,0,0,0,0,3,0,0,0
nirmata/kyverno-charts,0,0,0,0,32,0,0,0
nirmata/kyverno-policies,0,0,0,0,284,0,0,0
nirmata/RBAC-policies,0,0,0,0,30,0,0,0
nobl9/sloctl,0,0,0,0,0,2,0,0
NolanMM/CSCN73030_Project_Advanced_Software,1,0,0,0,0,0,0,0
NorskHelsenett/gitOps,0,0,0,0,15,0,0,0
npenin/akala,0,0,0,0,0,0,5,0
nscuro/dtapac,0,7,0,0,0,0,0,0
NSudharsan/HoloLensExamples,22,0,0,0,0,0,0,0
NVIDIA/cloud-native-stack,0,0,0,0,1,0,0,0
NVIDIA/gpu-operator,0,0,0,0,78,0,0,0
odahu/odahu-flow,0,14,0,0,0,0,0,0
okteto/okteto,1,0,0,0,0,0,0,0
ollionorg/gcp-landing-zone,0,215,0,0,0,0,0,136
omerlh/opa-demo,0,11,0,0,0,0,0,0
onetwopunch/policy-library-examples,0,41,0,0,0,0,0,20
OnlineCodex/OnlineCodex,0,0,0,0,0,0,0,0
ONSdigital/sdg-data,0,0,0,0,0,2,0,0
ooici/ion-definitions,0,0,0,0,0,1,0,0
open-cluster-management-io/governance-policy-framework-addon,0,0,0,0,0,0,0,14
open-cluster-management-io/policy-collection,0,8,0,0,91,0,0,21
open-cluster-management-io/policy-generator-plugin,0,0,0,0,1,0,0,1
open-policy-agent/cert-controller,0,0,0,0,0,0,0,0
open-policy-agent/conftest,0,74,0,0,0,0,0,0
open-policy-agent/contrib,0,48,0,0,0,0,0,0
open-policy-agent/example-api-authz-go,0,2,0,0,0,0,0,0
open-policy-agent/frameworks,0,2,0,0,0,0,0,4
open-policy-agent/gatekeeper,0,10,0,0,0,0,0,57
open-policy-agent/gatekeeper-external-data-provider,0,0,0,0,0,0,0,1
open-policy-agent/gatekeeper-library,0,134,0,0,0,0,0,187
open-policy-agent/golang-opa-wasm,0,2,0,0,0,0,0,0
open-policy-agent/library,0,45,0,0,0,0,0,0
open-policy-agent/npm-opa-wasm,0,12,0,0,0,0,0,0
open-policy-agent/opa,0,98,0,0,0,0,0,0
open-policy-agent/opa-docker-authz,0,3,0,0,0,0,0,0
open-policy-agent/opa-envoy-plugin,0,1,0,0,0,0,0,0
open-policy-agent/opa-idea-plugin,0,56,0,0,0,0,0,0
open-sdg/open-sdg,0,0,0,0,0,5,0,0
open-sdg/open-sdg-data-starter,0,0,0,0,0,1,0,0
open-sdg/sdg-translations,0,0,0,0,0,27,0,0
open-telemetry/semantic-conventions,0,10,0,0,0,0,0,0
open-telemetry/weaver,0,19,0,0,0,0,0,0
OpenChemistry/distiller,0,0,0,0,0,1,0,0
opencimi/archetypes,0,0,0,0,0,3522,0,0
opencontrol/standards,0,0,0,0,0,4,0,0
opencredo/opa-single-message-transformer,0,6,0,0,0,0,0,0
opengovsg/eslint-config-opengovsg,0,0,1,0,0,0,0,0
openshift-4-compliance/openshift-4-compliance-automation,0,0,0,0,10,0,0,21
openshift-helm-charts/development,0,0,0,0,0,0,0,4
openshift/cac-content-fork,0,0,0,0,0,4,0,0
openshift/gatekeeper,0,17,0,0,0,0,0,32
openshift/gatekeeper-operator,0,0,0,0,0,0,0,2
openshift/managed-cluster-config,0,0,0,0,0,0,0,0
opensource-observer/oss-directory,0,0,0,0,0,1,0,0
operate-first/continuous-delivery,0,5,0,0,0,0,0,0
oracle-devrel/cd3-automation-toolkit,0,31,0,0,0,0,0,0
orchestracities/anubis,0,7,0,0,0,0,0,0
OrlyJunior/Entra_21_Opporteenity,1,0,0,0,0,0,0,0
oscal-compass/compliance-to-policy,0,0,0,0,0,0,0,0
oscal-compass/compliance-to-policy-go,0,0,0,0,0,0,0,0
Oscarlind/cluster-configs,0,0,0,0,2,0,0,0
oss-compass/compass-projects-information,0,0,0,0,0,1,0,0
ossf/alpha-omega,0,949,0,0,0,0,0,0
OT-CONTAINER-KIT/redis,1,0,0,0,0,0,0,0
ottosulin/gatekeeper-basic-ruleset,0,0,0,0,0,0,0,17
ouzdev/polly-http-client-sample,2,0,0,0,0,0,0,0
oxidrive/oxidrive,0,0,0,1,0,0,0,0
oxyno-zeta/golang-graphql-example,0,1,0,0,0,0,0,0
oxyno-zeta/s3-proxy,0,1,0,0,0,0,0,0
pachyderm/pachyderm,0,0,0,0,0,0,0,9
PacktPublishing/A-Certified-Kubernetes-Security-Specialist-CKS-Course,0,2,0,0,0,0,0,4
PacktPublishing/Accelerating-DevSecOps-on-AWS,1,0,0,0,0,0,0,1
PacktPublishing/Azure-Active-Directory-for-Secure-Application-Development,2,0,0,0,0,0,0,0
PacktPublishing/Bootstrap-Service-Mesh-Implementations-with-Istio,0,0,0,0,0,0,0,2
PacktPublishing/Cloud-Native-Software-Security-Handbook,0,4,0,0,0,0,0,4
PacktPublishing/HashiCorp-Infrastructure-Automation-Certification-Guide,1,0,0,0,0,0,0,0
PacktPublishing/Kubernetes---An-Enterprise-Guide-2E,0,10,0,0,0,0,0,4
PacktPublishing/Kubernetes-An-Enterprise-Guide-Third-Edition,0,12,0,0,0,0,0,4
PacktPublishing/Mastering-AWS-CloudFormation-Second-Edition,0,0,0,0,0,0,1,0
PacktPublishing/Mastering-Kubernetes-4th-Edition,0,0,0,0,6,0,0,0
PacktPublishing/Platform-Engineering-for-Architects,0,0,0,0,0,0,0,1
PacktPublishing/Terraform-Cookbook,3,0,0,0,0,0,0,0
PacktPublishing/Terraform-Cookbook-Second-Edition,3,2,0,0,0,0,0,0
PacktPublishing/The-Ultimate-Guide-to-Building-a-Google-Cloud-Foundation,0,3,0,0,0,0,0,80
PaloAltoNetworks/prisma-cloud-compute-sample-code,0,93,0,0,0,0,0,0
PaloAltoNetworks/rbac-police,0,25,0,0,0,0,0,2
Parsifal-M/backstage-opa-plugins,0,5,0,0,0,0,0,0
patternfly-labs/react-form-wizard,0,0,0,0,3,0,0,0
pauwels-labs/flux-infra,0,0,0,0,0,0,0,4
payOSHQ/payos-demo-dotnet-core,1,0,0,0,0,0,0,0
pbom-dev/OSCAR,0,0,0,0,0,1,0,0
pegski/api,0,0,0,0,0,2,0,0
percona/percona-postgresql-operator,0,0,0,0,2,0,0,0
permitio/opal,0,7,0,0,0,0,0,0
permitio/opal-cedar,0,0,0,3,0,0,0,0
permitio/opal-example-policy-repo,0,2,0,1,0,0,0,0
permitio/tinytodo,0,0,0,2,0,0,0,0
permitta/permitta,0,20,0,0,0,0,0,0
petergu684/HoloLens2-ResearchMode-Unity,2,0,0,0,0,0,0,0
philfleck/ragrug,9,0,0,0,0,0,0,0
phukphoom/classroom-documents,1,0,0,0,0,0,0,0
phzietsman/aws-c7n-lambda-layer,0,0,0,0,0,1,0,0
Pigius/avp-cli,0,0,0,14,0,0,0,0
PlanB-Network/bitcoin-educational-content,0,0,0,0,0,20,0,0
plexsystems/konstraint,0,63,0,0,0,0,0,26
pliu/k8splayground,0,1,0,0,0,0,0,0
pluralsh/plural-helm-charts,0,0,0,0,15,0,0,0
pokepay/aws-sdk-lisp,0,0,0,0,0,0,13,0
port-labs/pulumi-port,0,0,22,0,0,0,0,0
port-labs/template-assets,0,0,0,0,0,0,0,0
portefaix/portefaix-hub,0,0,0,0,12,0,0,0
prancer-io/prancer-compliance-test,0,384,0,0,0,0,0,0
prepor/github-pulumi,0,0,1,0,0,0,0,0
PretentiousPoet/pretentious-poet,0,0,0,0,0,1,0,0
primecitizens/pcz,0,0,0,0,0,2,0,0
Privado-Inc/privado,0,0,0,0,0,1,0,0
proactionhq/proaction,0,7,0,0,0,0,0,0
ProgettoArchimista/archimista,0,0,0,0,0,3,0,0
ProgettoArchimista/archivista,0,0,0,0,0,2,0,0
project-sunbird/sunbird-devops,0,41,0,0,0,5,0,0
project-sunbird/sunbird-ed-installer,0,50,0,0,0,0,0,0
project-sunbird/sunbird.org-docs,0,0,0,0,0,6,0,0
projectcontour/contour,0,0,0,0,0,0,0,11
projectsveltos/demos,0,0,0,0,7,0,0,0
PTG-Kitware/angel_system,3,0,0,0,0,0,0,0
pulumiverse/pulumi-harbor,0,0,109,0,0,0,0,0
pulumiverse/pulumi-purrl,0,0,6,0,0,0,0,0
pulumi/automation-api-examples,0,0,19,0,0,0,0,0
pulumi/circleci,0,0,1,0,0,0,0,0
pulumi/docs,0,0,185,0,0,0,0,0
pulumi/examples,0,0,274,0,0,0,0,0
pulumi/facet,0,0,4,0,0,0,0,0
pulumi/pulumi,0,0,1,0,0,0,0,0
pulumi/pulumi-policy,0,0,56,0,0,0,0,0
pulumi/pulumi-self-hosted-installers,0,0,116,0,0,0,0,0
pulumi/templates,0,0,69,0,0,0,0,0
pulumi/templates-policy,0,0,29,0,0,0,0,0
pxscene/pxCore2,0,0,0,0,0,1,0,0
rachnakafle/MVC-Registration-with-MyPay-Payment-Integration,1,0,0,0,0,0,0,0
radius-project/bicep-types-aws,0,0,0,0,0,0,0,0
RafaySystems/getstarted,0,0,0,0,0,0,0,56
RafaySystems/terraform-provider-rafay,0,0,0,0,0,0,0,1
raffaelespazzoli/openshift-enablement-exam,0,0,0,0,7,0,0,2
rahulkiit/opaterraform,0,1,0,0,0,0,0,0
RamyasreeChakka/RegoPolicy,0,22,0,0,0,0,0,14
rancher/charts,0,0,0,0,0,0,0,45
rancher/kubewarden-ui,0,0,0,0,1,0,0,0
rancher/rancher,0,0,0,0,0,2,0,0
rarous/rarousnet,0,0,2,0,0,0,0,0
raspbernetes/k8s-security-policies,0,126,0,0,0,0,0,0
ratt-ru/makems,0,0,0,1,0,0,0,0
RawkodeAcademy/klustered,0,0,11,0,1,0,0,0
rdkcentral/pxCore,0,0,0,0,0,1,0,0
Reality-Hack-2022/TEAM-19,10,0,0,0,0,0,0,0
redhat-ai-services/ai-accelerator,0,0,0,0,9,0,0,0
redhat-appstudio/infra-deployments,0,0,0,0,6,0,0,0
redhat-cop/acm-policies,0,0,0,0,0,0,0,1
redhat-cop/rego-policies,0,60,0,0,0,0,0,0
redhat-na-ssa/hobbyist-guide-to-rhoai,0,0,0,0,2,0,0,0
redhat-openshift-ecosystem/certified-operators,0,0,0,0,144,0,0,0
redhat-openshift-ecosystem/community-operators-prod,0,0,0,0,0,0,0,0
regional-digital/jitsi-www,0,0,0,0,0,0,0,0
replicatedhq/kots-lint,0,4,0,0,0,0,0,0
replicatedhq/kURL,0,8,0,0,0,0,0,0
replicatedhq/kurlkinds,0,4,0,0,0,0,0,0
reply-fr/sustainable-personal-accounts,0,0,0,0,0,0,0,0
Resourcely-Inc/cloud-guardrails,0,0,0,0,0,0,0,0
reviewdog/action-regal,0,1,0,0,0,0,0,0
rewanthtammana/gatekeeper-rules-helm-library,0,0,0,0,0,0,0,35
RHsyseng/telco-operations,0,2,0,0,5,0,0,1
ripienaar/choria-compose,0,2,0,0,0,0,0,0
ritazh/psp-gatekeeper-policies,0,20,0,0,0,0,0,10
rob-blackbourn/jetblack-fixparser,0,0,0,0,0,0,0,0
Robot-Inventor/shadowban-scanner,0,0,0,0,0,0,4,0
rode/rode,0,10,0,0,0,0,0,0
rond-authz/rond,0,5,0,0,0,0,0,0
rowa78/k8s-gitops,0,0,0,0,2,0,0,0
RTUITLab/TacticMap,2,0,0,0,0,0,0,0
run-ai/fake-gpu-operator,0,0,0,0,0,0,0,0
runwhen-contrib/aws-c7n-codecollection,0,0,0,0,0,0,0,0
russolsen/ham_radio_question_pool,0,0,0,0,0,2,0,0
rwaltr/home-ops,0,0,0,0,2,0,0,0
rwth-acis/MixedRealityDart-Gruppe1,2,0,0,0,0,0,0,0
ryan-mcd/gitops-home-cluster,0,0,0,0,3,0,0,0
ryodocx/ical-proxy,0,1,0,0,0,0,0,0
salimbeni1/MRViz,2,0,0,0,0,0,0,0
SalishSeaCast/SS-run-sets,0,0,0,2,0,0,0,0
samirtahir91/github-app-operator,0,0,0,0,0,0,0,1
SamYuan1990/Probe,0,3,0,0,0,0,0,0
sapcc/gatekeeper-addons,0,0,0,0,0,0,0,1
sapcc/helm-charts,0,5,0,0,0,0,0,24
SAP/InfraBox,0,24,0,0,0,0,0,0
saturnhead/blog-examples,0,1,0,0,0,0,0,0
sbormolini/.NET,1,0,0,0,0,0,0,0
Scalr/sample-tf-opa-policies,0,62,0,0,0,0,0,0
schematic-energy/scio,0,0,4,0,0,0,0,0
schollz/poetry-generator,0,0,0,0,0,1,0,0
schrutek/SPG_POS,1,0,0,0,0,0,0,0
scimma/security-scripts,0,0,0,0,0,0,0,0
scionrep/scioncc,0,0,0,0,0,1,0,0
Scottin3d/TopoMap,11,0,0,0,0,0,0,0
ScottLogic/blog,0,0,0,0,0,1,0,0
screeley44/setupvm-dev,0,0,0,0,0,0,0,1
scribe-public/gitgat,0,40,0,0,0,0,0,0
scribe-public/sample-policies,0,153,0,0,0,0,0,0
sdsc-ordes/respecter,0,0,0,0,0,1,0,0
sebradloff/k8s-gatekeeper-policies-example,0,21,0,0,0,0,0,11
secmon-lab/alertchain,0,36,0,0,0,0,0,0
securekubernetes/securekubernetes,0,0,0,0,0,0,0,1
semaphoreio/semaphore,0,6,0,0,0,0,0,0
sergiibielskyi/fwdays22,2,0,0,0,0,0,0,0
sergueik/springboot_study,360,0,0,0,0,0,0,0
ShanguUncle/UnityChatHololens,4,0,0,0,0,0,0,0
shankar-r10n/spt-aca-hol,3,0,0,0,0,0,0,0
shevchenki/aws,0,0,0,0,1,0,0,0
ShipChain/transmission,0,0,0,0,0,4,0,0
shortlink-org/shortlink,0,0,0,0,88,0,0,0
Shuffle/python-apps,0,0,0,0,0,1,0,0
sighupio/container-signature-enforcer,0,0,0,0,0,0,0,0
sigstore/cosign-gatekeeper-provider,0,0,0,0,0,0,0,1
silasary/APxiv,0,0,0,0,0,0,0,0
silogen/cluster-forge,0,0,0,0,0,0,0,0
simonpannek/hololens-2-webrtc,2,0,0,0,0,0,0,0
sixeyed/kiamol,0,0,0,0,0,0,0,7
Smithsonite/TerraformInAction,2,0,0,0,0,0,0,0
smsilva/kubernetes,0,0,0,0,2,0,0,1
snltd/meetup-generator,0,0,0,0,0,0,0,0
snyk/kubernetes-monitor,0,1,0,0,0,0,0,0
snyk/policy-engine,0,40,0,0,0,0,0,0
snyk/snyk-iac-rules,0,19,0,0,0,0,0,0
softwaremill/meerkat,0,0,4,0,0,0,0,0
solo-io/hoot,0,6,0,0,0,0,0,0
Soluto/airbag,0,1,0,0,0,0,0,0
sorokinpf/docker_opa,0,15,0,0,0,0,0,0
sourcefuse/arc-docs,0,0,0,0,0,1,0,0
sourcefuse/backstage,0,0,0,0,0,1,0,0
sourcefuse/terraform-aws-arc-cloud-custodian,0,0,0,0,0,4,0,0
SovereignCloudStack/moin-cluster-config,0,0,0,0,2,0,0,0
spacelift-io/spacelift-policies-example-library,0,134,0,0,0,0,0,0
spacelift-io/terraform-spacelift-msteams,0,1,0,0,0,0,0,0
spacelift-solutions/demo,0,2,0,0,0,0,0,0
sphenlee/waterwheel,0,1,0,0,0,0,0,0
spidernet-io/egressgateway,0,0,0,0,2,0,0,0
Spike433/ferDIPL,1,0,0,0,0,0,0,0
spinnaker/spinnaker.io,0,0,0,0,1,0,0,0
srenatus/opa-wasm-browser,0,1,0,0,0,0,0,0
sst/sst,0,0,137,0,0,0,0,0
stackabletech/druid-opa-authorizer,0,1,0,0,0,0,0,0
stackql/stackql-provider-registry,0,0,0,0,2,0,0,0
star3am/hashiqube,14,0,0,0,0,0,0,0
startxfr/helm-repository,0,0,0,0,4,0,0,0
StatCan/gatekeeper-policies,0,12,0,0,0,0,0,39
statisticamd/sdg-data-moldova,0,0,0,0,0,0,0,0
statnett/image-scanner-operator,0,0,0,0,2,0,0,0
stellar-expert/stellar-expert-explorer,0,0,0,0,0,1,0,0
Stellaris-Evolved/stellaris-evolved,0,0,0,0,0,4,0,0
stelligent/cloud-custodian-example,0,0,0,0,0,1,0,0
stormearthandlava/stormearthandlava.github.io,0,0,0,0,0,1,0,0
strFelix/RpgApi,1,0,0,0,0,0,0,0
StyraInc/academy-samples,0,8,0,0,0,0,0,0
StyraInc/enterprise-opa,0,10,0,0,0,0,0,0
StyraInc/graphql-apollo-example,0,3,0,0,0,0,0,0
StyraInc/lib.jwt,0,9,0,0,0,0,0,0
StyraInc/opa-aws-cloudformation-hook,0,29,0,0,0,0,0,0
StyraInc/opa-csharp,0,4,0,0,0,0,0,0
StyraInc/opa-java,0,4,0,0,0,0,0,0
StyraInc/opa-java-wasm,0,9,0,0,0,0,0,0
StyraInc/regal,0,277,0,0,0,0,0,0
StyraInc/rego-cheat-sheet,0,17,0,0,0,0,0,0
StyraInc/styra-demo-tickethub,0,7,0,0,0,0,0,0
Sunbird-Lern/userorg-service,0,2,0,0,0,4,0,0
suzuki-shunsuke/tfaction,0,1,0,0,0,0,0,0
svopper/munaiah-analyser,0,0,0,0,0,3,0,0
swgriffith/azure-guides,0,0,0,0,0,0,0,3
syedMSohaib/jitsi-video-conferencing,0,0,0,0,0,0,0,0
synmetrix/synmetrix,0,0,7,0,0,0,0,0
synthesized-io/tdk-microservices-demo,0,0,0,0,1,0,0,0
sysnet4admin/IaC,0,0,0,0,0,0,0,0
tallen94/iam,0,0,0,0,2,0,0,0
tdhanapl/terraform_basic,7,0,0,0,0,0,0,0
technoavengers/Kubernetes_Fundamentals,0,1,0,0,0,0,0,3
tenable/terrascan,0,350,0,0,1,0,0,0
teq0/opa-k8s-admission,0,5,0,0,0,0,0,0
terraform-google-modules/terraform-example-foundation,0,3,0,0,0,0,0,81
terraform-in-action/manning-code,2,0,0,0,0,0,0,0
teslamotors/coreboot,1,0,0,0,0,0,0,0
testifysec/archivista-data-provider,0,0,0,0,0,0,0,1
tfxor/terraform-aws-automation-demo,1,0,0,0,0,0,0,0
ThalesGroup/dke-service-setup,0,1,0,0,0,0,0,0
thdblinux/sre_devops-stacks,0,0,0,0,4,0,0,0
The-Triumvirate/Imperium-Universalis,0,0,0,0,0,2,0,0
TheDarthMole/upswake,0,3,0,0,0,0,0,0
theemadnes/acm-demo-journey,0,0,0,0,0,0,0,1
Themis-Team/ThemisCore,0,0,0,1,0,0,0,0
TheRealHaoLiu/example-opa-policy-for-aap,0,20,0,0,0,0,0,0
theTJCloudWalker/DataBase2022,2,0,0,0,0,0,0,0
thexa4/source-pbr,14,0,0,0,0,0,0,0
thoth-station/thoth-application,0,5,0,0,0,0,0,0
thuanbx193/vcrx-app,0,0,0,0,0,0,0,0
TIBCOSoftware/platform-provisioner,0,0,0,0,0,0,0,0
ticketmaster/rules_opa,0,4,0,0,0,0,0,0
tidepool-org/clinic,0,1,0,0,0,1,0,0
tidepool-org/TidepoolApi,0,0,0,0,0,5,0,0
tigera-solutions/calicocloud-kaas-workshop-demo,0,0,0,0,0,0,0,2
tilt-dev/tilt-extensions,0,0,1,0,0,0,0,0
timo-reymann/gitlab-ci-verify,0,7,0,0,0,0,0,0
timtorChen/homelab,0,0,0,0,1,0,0,0
tinymce/openai-proxy-reference-implementation,0,4,0,0,0,0,0,0
titola/incudine,0,54,0,0,0,0,0,0
TobiasDeBruijn/HomelabKubernetes,0,0,0,0,19,0,0,0
toboshii/home-ops,0,0,0,0,4,0,0,0
topmonks/hlidac-shopu,0,0,5,0,0,0,0,0
toyamarinyon/paywall-starter,0,0,1,0,0,0,0,0
TralahM/pytekswift,0,0,0,0,0,0,0,0
trendmicro/cloudone-container-security-helm,0,0,0,0,2,0,0,0
trevorbox/service-mesh-patterns,0,0,0,0,0,0,0,3
TrueTechLabs/fabric-trace,0,2,0,0,0,0,0,0
tuxpeople/k8s-homelab,0,0,0,0,5,0,0,0
tvories/k8s-gitops,0,0,0,0,14,0,0,0
TwitchPlaysPokemon/pbr-movesets,0,0,0,0,0,0,0,0
twplatformlabs/dps-starterkit-java,0,3,0,0,0,0,0,0
tx7do/kratos-authz,0,6,0,0,0,0,0,0
ualberta-smr/PyMigBench,0,0,0,0,0,3,0,0
UBC-X-Lab/SurfShare,4,0,0,0,0,0,0,0
ucsdlib/CA_lib_oration,0,0,0,0,0,1,0,0
Udaara/sinasco,0,9,0,0,0,0,0,0
uhhhci/immersive-ngp,2,0,0,0,0,0,0,0
uhhhci/RealityFusion,2,0,0,0,0,0,0,0
ulissigroup/wherewulff,0,0,0,0,0,1,0,0
UNINETTSigma2/helm-charts,0,4,0,0,0,0,0,0
UniSiegenWiNeMe/AR-Instructions-Unity,2,0,0,0,0,0,0,0
UnstoppableMango/the-cluster,0,0,439,0,0,0,0,0
upbound/configuration-eks,0,0,0,0,1,0,0,0
uptycslabs/kspm-helm-charts,0,0,0,0,0,0,0,1
USA-RedDragon/home-cluster-flux,0,0,0,0,7,0,0,0
usnistgov/smartcitiesarchitecture,0,0,0,0,0,1,0,0
utilitywarehouse/gatekeeper-template-manifests,0,18,0,0,0,0,0,9
utilitywarehouse/semaphore-xds,0,0,0,0,2,0,0,0
utilitywarehouse/system-manifests,0,0,0,0,36,0,0,0
Vaarun-C/DiagramsToCode,0,0,0,0,2,0,0,0
valex1984/katacoda-scenarios,0,22,0,0,0,0,0,0
vawser/Fallout-Mod,0,0,0,0,0,37,0,0
vazkarvishal/vishal-vazkar-poc-collection,0,0,0,0,2,0,0,0
VBAndCs/Vazor,2,0,0,0,0,0,0,0
vbandi/HL2-ResearchMode,4,0,0,0,0,0,0,0
veraison/services,0,0,0,0,0,0,0,0
VergeOps/k8s-rvstore,0,0,0,0,0,0,0,2
Veridax/privapi,0,0,0,0,0,1,0,0
Verizon/5GEdgeTutorials,0,0,0,0,3,0,0,0
vfarcic/cncf-demo,0,0,0,0,4,1,0,3
vfiftyfive/dadjokes,0,0,0,0,1,0,0,0
vicenteherrera/starter-k8s,0,0,0,0,0,0,0,11
Vikaspogu/openshift-multicluster,0,0,0,0,9,0,0,0
ViktorUJ/cks,0,0,0,0,0,0,0,3
VitorAraujoAlcantara/youtube-samples,2,0,0,0,0,0,0,0
viva19/CloudCustodianRules,0,0,0,0,0,3,0,0
Vizuri/openshift-fhir-rules-microservices,0,0,0,0,0,1,0,0
vmware-tanzu/kubeapps,0,0,0,0,0,1,0,0
vmware/dod-compliance-and-automation,0,0,0,0,0,0,0,18
vrk-kpa/opendata,0,0,0,0,0,1,0,0
vvhit-solutions/AzureDevops-Training,2,0,0,0,0,0,0,0
WallarooLabs/wallaroo_blog_examples,0,0,2,0,0,0,0,0
WallarooLabs/wally,0,0,4,0,0,0,0,0
walt-id/waltid-ssikit,0,6,0,0,0,2,0,0
warroyo/tmc-bootstrap-automation,0,0,0,0,0,0,0,1
wealthbot-io/wealthbot,0,0,0,0,0,16,0,0
weaveworks/policy-library,0,332,0,0,0,1,0,0
web3infra-foundation/mega,0,0,0,1,0,0,0,0
web3privacy/explorer-data,0,0,0,0,0,1,0,0
webiny/webiny-js,0,0,73,0,0,0,0,0
WeCamp/pegski,0,0,0,0,0,2,0,0
whchoi98/myeks,0,0,0,0,0,0,0,0
wijez/crown_file_processing,0,2,0,0,0,0,0,0
willbossle/LINUXtips-PICK,0,0,0,0,2,0,0,0
willhausman/dopa,0,2,0,0,0,0,0,0
willhausman/dopa.cli,0,3,0,0,0,0,0,0
wkspower/wks-platform,0,14,0,0,0,0,0,0
wolfgangunger/aws-advanced,0,0,0,0,1,0,0,0
worldbank/sdg-metadata,0,0,0,0,0,80,0,0
wtchhb/SecHub,0,0,0,0,0,1,0,0
X-lab2017/open-digger,0,0,0,0,0,4,0,0
xchapter7x/hcunit,0,17,0,0,0,0,0,0
XenitAB/gatekeeper-library,0,15,0,0,0,0,0,58
XgridInc/xc3,0,0,0,0,0,7,0,0
xiyuii/Chaincode,0,2,0,0,0,0,0,0
xratq/group_project,1,0,0,0,0,0,0,0
XuananLe/RealtimeChat,1,0,0,0,0,0,0,0
y13i/cfn-schema,0,0,0,0,1,0,0,0
yantra-vinyasa/multi-cluster-configs,0,0,0,0,10,0,0,0
yeo/betterdev.link,0,0,0,0,0,1,0,0
YunosukeY/policy-for-pss,0,39,0,0,0,0,0,1
zakizadeh/MicroservicesBasedApp,9,0,0,0,0,0,0,0
Zamanof/4211_ru,10,0,0,0,0,0,0,0
zhenglin-charlie-li/Coding_In_University,1,0,0,0,0,0,0,0
zMenta/Ulbra,2,0,0,0,0,0,0,0
zntrio/harp,0,4,0,0,0,0,0,0
ZUGFeRD/quba-viewer,0,0,0,0,0,0,3,0
