full_name,HashiCorp Sentinel,Open Policy Agent (OPA),Pulumi,Cedar Policy Language (CPL),Kyverno OSS,Cloud Custodian,AWS Config,OpagateKeeper,Kubewarden
094459__cedar-flask-demo,0,0,0,1,0,0,0,0,0
1Strategy__cloud-custodian-demo,0,0,0,0,0,4,0,0,0
1upD__propper-2013,17,0,0,0,0,0,0,0,0
3scale-labs__kiper,0,10,0,0,0,0,0,0,0
404954-TomasRivetta__Api-Cine,1,0,0,0,0,0,0,0,0
4linux__541,0,3,0,0,0,0,0,5,0
4linux__543,0,0,0,0,0,0,0,3,0
5t33__tf-cloud-workspaces-demo,4,0,0,0,0,0,0,0,0
a2-4am__4cade,0,0,0,0,0,0,8,0,0
a2d24__python-opa-wasm,0,4,0,0,0,0,0,0,0
aavarghese__opa-schema-examples,0,11,0,0,0,0,0,0,0
ACED-IDP__data_model,0,0,0,0,0,4,0,0,0
acryldata__datahub-cloudformation,0,0,0,0,5,0,0,0,0
adamjimenez__shiftedit,0,0,0,0,0,0,17,0,0
adhar-io__adhar,0,0,0,0,22,0,0,0,0
AdminTurnedDevOps__kubernetes-examples,0,0,0,0,1,0,0,2,0
AdminTurnedDevOps__kubernetes-real-world-course,0,0,0,0,0,0,0,2,0
AfricanAgroAid__AARR-Backend,1,0,0,0,0,0,0,0,0
ai-solution-eng__frameworks,0,0,0,0,4,0,0,0,0
aileron-gateway__aileron-gateway,0,14,0,0,0,0,0,0,0
ajcwebdev__a-first-look,0,0,1,0,0,0,0,0,0
akbarali2019__C-with-.NET-Framework,1,0,0,0,0,0,0,0,0
akudrati__Azure-Policy,0,18,0,0,0,0,0,9,0
akunull__piloslib,14,0,0,0,0,0,0,0,0
alcideio__rbac-tool,0,0,0,0,0,0,0,0,0
alephdata__offshoreleaks,0,0,0,0,0,1,0,0,0
Alex-Infnet__asp_net_infnet,6,0,0,0,0,0,0,0,0
AlexRogalskiy__android-patterns,0,6,0,0,0,0,0,0,0
AlexRogalskiy__kotlin-patterns,0,6,0,0,0,0,0,0,0
AlexRogalskiy__proverbs,0,6,0,0,0,0,0,0,0
AlexRogalskiy__scala-patterns,0,6,0,0,0,0,0,0,0
AlexRogalskiy__spark-patterns,0,6,0,0,0,0,0,0,0
alezhao__microsoft-devhack,2,0,0,0,0,0,0,0,0
amigavision__AmigaVision,0,0,0,0,0,0,0,0,0
Aminmiri82__PersonalGPTAssistant,0,0,0,0,0,0,3,0,0
anamariapanait10__FMI-BS-Resources,0,0,0,0,0,0,0,0,0
anderseknert__opa-policy-composition,0,8,0,0,0,0,0,0,0
andreealalaaaa__ZeroToHero,1,0,0,0,0,0,0,0,0
Andrei-Fabian-Pop__University,1,0,0,0,0,0,0,0,0
angrycub__nomad_example_jobs,2,0,0,0,0,0,0,0,0
AnikG-Org__devops-practice,0,0,0,0,1,0,0,0,0
appdevgbb__Project-Stormbreaker,0,0,0,0,1,0,0,0,0
appscode-cloud__ui-wizards,0,0,0,0,0,0,0,5,0
aptakube__kubespec.dev,0,0,0,0,181,0,0,0,0
aquasecurity__postee,0,38,0,0,0,0,0,0,0
aquasecurity__tracee-action,0,2,0,0,0,0,0,0,0
aquasecurity__trivy,0,43,0,0,0,0,0,0,0
aquasecurity__trivy-checks,0,1052,0,0,0,0,0,0,0
ARamsay118__ARamsay-HoloLens,2,0,0,0,0,0,0,0,0
argoproj__argo-cd,0,0,0,0,11,0,0,0,0
armenr__5thK8s,0,0,0,0,2,0,0,0,0
armstat__sdg-data-armenia,0,0,0,0,0,1,0,0,0
Arsenio2044__arsenio-src,29,0,0,0,0,0,0,0,0
art-santos__language-database-benchmark,0,0,93,0,0,0,0,0,0
ArthurVardevanyan__HomeLab,0,0,0,0,6,0,0,0,0
artifacthub__hub,0,5,0,0,1,0,0,0,0
asbjorn-dev__MiniProjekt2023,2,0,0,0,0,0,0,0,0
aserto-dev__policy-aona,0,95,0,0,0,0,0,0,0
aserto-dev__runtime,0,15,0,0,0,0,0,0,0
ashok-an__flask-opa,0,2,0,0,0,0,0,0,0
askmeegs__build-a-platform-with-krm,0,0,0,0,0,0,0,2,0
AtakanDengiz__video-conference-project,0,0,0,0,0,0,0,0,0
atheiman__katacoda-scenarios,0,0,0,0,0,0,0,4,0
Avni-Sharma__gitopscon_na_2022_session,0,0,0,0,21,0,0,0,0
aws-cloudformation__aws-cloudformation-templates,0,0,0,0,1,0,1,0,0
aws-cloudformation__aws-guard-rules-registry,0,0,0,0,0,0,210,0,0
aws-cloudformation__cloudformation-guard,0,0,0,0,0,0,45,0,0
aws-ia__cfn-abi-aws-reference-guide,0,0,0,0,0,1,0,0,0
aws-samples__amazon-verified-permissions-asp-dotnet-core-custom-auth-policy-provider,0,0,0,6,0,0,0,0,0
aws-samples__aws-cloud-custodian-sample-collection,0,0,0,0,0,169,0,0,0
aws-samples__aws-control-tower-cicd-cloud-custodian,0,0,0,0,0,3,0,0,0
aws-samples__aws-do-hyperpod,0,0,0,0,2,0,0,0,0
aws-samples__aws-infra-policy-as-code-with-terraform,0,186,0,0,0,0,0,0,0
aws-samples__aws-security-hub-findings-export,0,0,0,0,0,0,0,0,0
aws-samples__aws-securityhub-automated-remediations-workshop,0,0,0,0,0,3,0,0,0
aws-samples__awsome-distributed-training,0,0,0,0,2,0,0,0,0
aws-samples__cedar-policy-validation-pipeline,0,0,0,7,0,0,0,0,0
aws-samples__cfn101-workshop,0,0,0,0,0,0,2,0,0
aws-samples__container-patterns,0,0,6,0,0,0,7,0,0
aws-samples__eks-security-compromised-cluster-remediation,0,0,0,0,0,0,0,6,0
aws-samples__flux-eks-gitops-config,0,0,0,0,11,0,0,0,0
aws-samples__generative-ai-newsletter-app,0,0,0,7,0,0,0,0,0
aws-samples__hpc-applications,0,0,0,0,4,0,0,0,0
aws-samples__observability-with-amazon-opensearch,0,0,0,0,2,0,0,0,0
aws-samples__preventive-security-controls-in-pulumi-iac-pipeline,0,0,11,0,0,0,0,0,0
aws-samples__saas-authnz-demo-with-amazon-cognito,0,0,0,5,0,0,0,0,0
aws-samples__sample-emr-eks-hive-metastore-patterns,0,0,0,0,1,0,0,0,0
aws-samples__sample-packages-for-aws-tnb,0,0,0,0,2,0,0,0,0
aws-solutions-library-samples__guidance-for-automated-geospatial-insights-engine-on-aws,0,0,0,15,0,0,0,0,0
awslabs__avp-local-agent,0,0,0,2,0,0,0,0,0
awslabs__aws-config-rdk,0,0,0,0,1,0,1,0,0
awslabs__aws-iam-access-analyzer-policy-validation-config-rule,0,0,0,0,0,0,1,0,0
awslabs__aws-service-catalog-products,0,0,0,0,0,10,0,0,0
awslabs__cedar-access-control-for-k8s,0,0,0,0,0,0,0,0,0
awslabs__crossplane-on-eks,0,0,0,0,3,0,0,7,0
awslabs__idf-modules,0,0,0,0,38,0,0,0,0
awslabs__sustainability-scanner,0,0,0,0,0,0,10,0,0
aws__aws-app-mesh-examples,0,0,0,0,1,0,0,0,0
aws__aws-cdk,0,0,0,0,0,0,0,0,0
aws__aws-eks-best-practices,0,0,0,0,5,0,0,23,0
aws__aws-parallelcluster,0,0,0,0,3,0,0,0,0
aws__aws-sdk-go,0,0,0,0,0,0,13,0,0
aws__aws-sdk-net,0,0,0,0,0,0,19,0,0
aws__aws-sdk-php,0,0,0,0,0,0,13,0,0
aws__aws-sdk-ruby,0,0,0,0,0,0,13,0,0
AzeemGhumman__iqbal-demystified-dataset,0,0,0,0,0,9,0,0,0
Azure-Samples__aks-labs,0,0,0,0,0,0,0,1,0
Azure-Samples__azure-digital-twins-getting-started,2,0,0,0,0,0,0,0,0
azure-terraform-workshop__terraform-workshop-labs,2,0,0,0,0,0,0,0,0
Azure__aks-app-routing-operator,0,0,0,0,0,0,0,45,0
Azure__aks-ctf,0,0,0,0,0,0,0,1,0
Azure__aks-engine-azurestack,0,0,0,0,0,0,0,1,0
Azure__ARO-RP,0,11,0,0,0,0,0,7,0
Azure__ato-toolkit,0,0,0,0,0,0,0,0,0
Azure__azure-policy,0,9,0,0,0,0,0,71,0
Azure__azure-remote-rendering,4,0,0,0,0,0,0,0,0
Azure__AzureDefender-K8S-InClusterDefense,0,2,0,0,0,0,0,3,0
Azure__Community-Policy,0,26,0,0,0,0,0,18,0
Azure__draft,0,0,0,0,0,0,0,24,0
Azure__sg-aks-workshop,0,0,0,0,0,0,0,1,0
Azure__ShieldGuard,0,11,0,0,0,0,0,0,0
babywyrm__sysadmin,0,0,0,0,2,0,0,2,0
bacalhau-project__bacalhau,0,12,0,0,0,0,0,0,0
bacen__pix-dict-api,0,0,0,0,0,1,0,0,0
bachingo__TF2Vintage,6,0,0,0,0,0,0,0,0
back-stack__everything-as-code,0,0,0,0,5,0,0,0,0
badri-k7__aws-devops,0,0,0,0,1,0,0,0,0
balningau__gimste,0,0,0,0,0,1,0,0,0
banzaicloud__pipeline,0,0,0,0,1,0,0,0,0
baptistelabat__frydom,0,0,0,1,0,0,0,0,0
barringtonhaynes__lambda-extension-opa,0,1,0,0,0,0,0,0,0
bcgov__bcbox,0,0,0,0,0,1,0,0,0
bcgov__ckanext-bcgov-schema,0,0,0,0,0,1,0,0,0
bcgov__common-hosted-email-service,0,0,0,0,0,1,0,0,0
bcgov__MFIN-Data-Catalogue,0,0,0,0,0,6,0,0,0
bcgov__nr-forests-access-management,0,0,0,0,0,1,0,0,0
bcgov__pubcode,0,0,0,0,0,2,0,0,0
Bearer__bearer,0,6,0,0,0,0,0,0,0
beiciliang__aws-bootcamp-cruddur-2023,0,0,0,0,0,0,2,0,0
BeryJu__k8s,0,0,0,0,1,0,0,0,0
besley__Slickflow,2,0,0,0,0,0,0,0,0
bikram20__opa-gatekeeper-examples,0,0,0,0,0,0,0,2,0
binxio__aws-cfn-update,0,0,0,0,0,0,1,0,0
bioinformatics-ua__montra,0,0,0,0,0,2,0,0,0
blockchain-working-group__blockchain-playbook,0,0,0,0,0,1,0,0,0
bluprince13__notesapp,0,0,0,2,0,0,0,0,0
bmeg__bmeg-etl,0,0,0,0,0,2,0,0,0
bmeg__iceberg,0,0,0,0,0,5,0,0,0
bmuschko__cks-crash-course,0,0,0,0,0,0,0,1,0
boostsecurityio__poutine,0,27,0,0,0,0,0,0,0
borgeby__jarl,0,12,0,0,0,0,0,0,0
boyism80__fb,0,0,10,0,0,0,0,0,0
BrunoReboul__ram-config-template,0,48,0,0,0,0,0,0,0
BrunoReboul__terraform-google-realtime-asset-monitor,0,3,0,0,0,0,0,0,0
btkrausen__hashicorp,2,2,0,0,0,0,0,0,0
build-on-aws__bookstore-demo-app-with-authz,0,0,0,1,0,0,0,0,0
busraylmz__DeepLearningModelVisualization,2,0,0,0,0,0,0,0,0
buttahtoast__helm-charts,0,0,0,0,0,0,0,1,0
buvis__clusters,0,0,0,0,6,0,0,0,0
C0nsultant__homelab-as-code,0,0,0,0,3,0,0,0,0
C5T__asbyrgi,0,21,0,0,0,0,0,0,0
Calvitix__Stellaris-French-Translation-Pack,0,0,0,0,0,21,0,0,0
canonical__snapd,0,0,0,0,0,6,0,0,0
Capstone-Projects-2022-Spring__project-anemone,0,0,0,0,0,0,0,0,0
carbonetes__brainiac,0,2916,0,0,0,0,0,0,0
CBIIT__icdc-devops,0,0,0,0,0,6,0,0,0
cdklabs__cdk-validator-cfnguard,0,0,0,0,0,0,238,0,0
cdklabs__cdk-verified-permissions,0,0,0,7,0,0,0,0,0
cedar-policy__cedar,0,0,0,66,0,0,0,0,0
cedar-policy__cedar-examples,0,4,0,25,0,0,0,0,0
cedar-policy__cedar-integration-tests,0,0,0,22,0,0,0,0,0
cedar-policy__cedar-java,0,0,0,6,0,0,0,0,0
cedar-policy__cedar-local-agent,0,0,0,12,0,0,0,0,0
cedar-policy__cedar-spec,0,0,0,1,0,0,0,0,0
cedar-policy__highlightjs-cedar,0,0,0,12,0,0,0,0,0
cedar-policy__prism-cedar,0,0,0,12,0,0,0,0,0
cedar-policy__rfcs,0,0,0,2,0,0,0,0,0
cedar-policy__vscode-cedar,0,0,0,17,0,0,0,0,0
celesrenata__nixos-k3s-configs,0,0,0,0,2,0,0,0,0
celest-dev__cedar-dart,0,0,0,2,0,0,0,0,0
celest-dev__celest,0,0,0,5,0,0,0,0,0
ch-stark__governance-best-practises-for-apps,0,0,0,0,51,0,0,0,0
ch-stark__maptoseveralstandards,0,0,0,0,29,0,0,0,0
ch-stark__policies-demo,0,0,0,0,0,0,0,1,0
ch-stark__policies-demo-blog,0,0,0,0,0,0,0,7,0
chaijunkin__home-ops,0,0,0,0,3,0,0,0,0
chainloop-dev__chainloop,0,18,0,0,0,0,0,0,0
chaitin__veinmind-tools,0,55,0,0,0,0,0,0,0
charlieegan3__policing-christmas-trees,0,11,0,0,0,0,0,0,0
charmed-kubernetes__jenkins,0,0,0,0,0,0,0,1,0
chaymaster__SourceSDK2013-Swelter,8,0,0,0,0,0,0,0,0
Checkmarx__kics,0,1754,0,0,0,0,5,0,0
chef__automate,0,6,0,0,0,0,0,0,0
CHERIoT-Platform__network-stack,0,1,0,0,0,0,0,0,0
chipzoller__kyverno-pss,0,0,0,0,21,0,0,0,0
choria-io__aaasvc,0,6,0,0,0,0,0,0,0
choria-io__go-choria,0,15,0,0,0,0,0,0,0
chrisarcand__terraform-tests,5,0,0,0,0,0,0,0,0
chrisns__k8s-opa-boilerplate,0,2,0,0,0,0,0,2,0
christophwille__dotnet-opa-wasm,0,7,0,0,0,0,0,0,0
Cigna__confectionery,0,202,0,0,0,0,0,0,0
cioos-atlantic__metadata-waf,0,0,0,0,0,192,0,0,0
CircleCI-Public__circle-policy-agent,0,27,0,0,0,0,0,0,0
CircleCI-Public__circleci-cli,0,6,0,0,0,0,0,0,0
cisagov__ScubaGear,0,64,0,0,0,0,0,0,0
cisagov__ScubaGoggles,0,80,0,0,0,0,0,0,0
cisco-kusanagi__mibs.snmplabs.com,0,0,0,0,0,0,1,0,0
CiscoDevNet__sdwan-devops,0,1,0,0,0,0,0,0,0
cjoster__engagementstuff,0,0,0,0,0,0,0,7,0
claughinghouse__k8s-gitops,0,0,0,0,3,0,0,0,0
claytsay__Full-Life-The-RPG-Source-SDK-2013-,27,0,0,0,0,0,0,0,0
cleardataeng__resource-policy-evaluation-library,0,77,0,0,0,0,0,0,0
cloud-custodian__cloud-custodian,0,0,0,0,0,93,5,0,0
cloud-custodian__helm-charts,0,0,0,0,0,11,0,0,0
cloudavail__snippets,0,0,0,0,8,0,0,0,0
Cloudflare-Mining__Cloudflare-Datamining,0,0,0,0,0,0,0,0,0
cloudify-community__eaas-example,0,0,0,0,2,0,0,0,0
cloudkats__docker-tools,0,0,0,0,0,0,0,0,0
CloudNativeGBB__cluster-baseline,0,6,0,0,0,0,0,4,0
cloudnativehero__cks-prep,0,3,0,0,0,0,0,5,0
cloudposse__atmos,0,8,0,0,0,0,0,0,0
cloudposse__terraform-provider-utils,0,5,0,0,0,0,0,0,0
cloudposse__terraform-spacelift-cloud-infrastructure-automation,0,18,0,0,0,0,0,0,0
cloudwu__stellaris_cn,0,0,0,0,0,29,0,0,0
cncf__devstats,0,0,0,0,0,2,0,0,0
cncf__landscape2-sites,0,0,0,0,0,0,0,0,0
CoderSaiya__BE_XDPMHDT,1,0,0,0,0,0,0,0,0
Coit-IO__coit-simple-microservice,0,0,0,0,3,0,0,0,0
commercialhaskell__all-cabal-metadata,0,0,0,0,0,2,0,0,0
common-fate__cedar-validate-action,0,0,0,2,0,0,0,0,0
ComradDoge__DogeEU4,0,0,0,0,0,14,0,0,0
concourse__concourse,0,1,0,0,0,0,0,0,0
confidential-containers__cloud-api-adaptor,0,0,0,0,0,0,0,0,0
confidential-containers__trustee,0,19,0,0,0,0,0,0,0
confluentinc__policy-library-confluent-terraform,45,0,0,0,0,0,0,0,0
ContainerSSH__examples,0,2,0,0,0,0,0,0,0
controlplaneio-fluxcd__d1-infra,0,0,0,0,2,0,0,0,0
controlplaneio__collie,0,0,0,0,16,1,0,0,0
controlplaneio__simulator,0,0,0,0,10,0,0,0,0
controlplaneio__threat-modelling-labs,0,4,0,0,0,0,0,2,0
controlplaneio__threat-modelling-zero-trust-talk,0,1,0,0,1,0,0,0,0
copslock__cisco-kusanagi_mibs.snmplabs.com,0,0,0,0,0,0,1,0,0
couchbase__perfrunner,0,0,0,0,2,0,0,0,0
courselabs__kubernetes,0,0,0,0,0,0,0,3,0
crag-h4k__gud-vim,0,2,0,0,0,0,0,0,0
credbull__credbull-defi,0,0,0,0,0,0,0,0,0
crossplane-contrib__crossplane-cdk8s,0,0,0,0,2,0,0,0,0
crossplane-contrib__provider-aws,0,0,0,0,3,0,0,0,0
crossplane-contrib__provider-upjet-aws,0,0,0,0,9,0,0,0,0
crossplane__tbs,0,1,0,0,2,0,0,3,0
CrowdStrike__cloud-pov,0,0,0,0,1,0,0,0,0
CrunchyData__postgres-operator,0,0,0,0,2,0,0,0,0
cvat-ai__cvat,0,24,0,0,0,0,0,0,0
CvGC__dict,0,0,0,0,0,2,0,0,0
Cxs1103__Kubernetes.config,0,4,0,0,8,0,0,2,0
CZERTAINLY__CZERTAINLY-Auth-OPA-Policies,0,2,0,0,0,0,0,0,0
D-Kumar19__RegoPoilicies-Open-Policy-Agent,0,9,0,0,0,0,0,0,0
dadrus__heimdall,0,1,0,0,0,0,0,0,0
dany002__UBB-Computer-Science,2,0,0,0,0,0,0,0,0
danzim__prometheus-provider,0,0,0,0,0,0,0,1,0
DaoCloud__dce-charts-repackage,0,3,0,0,3,0,0,0,0
DataBassGit__AssistAF,0,0,0,0,0,1,0,0,0
DataBiosphere__consent,0,0,0,0,0,2,0,0,0
DataDog__kics,0,1809,0,0,0,0,5,0,0
DataDog__security-agent-policies,0,98,0,0,0,0,0,0,0
datadrivers__opa-policies,0,22,0,0,0,0,0,5,0
datreeio__CRDs-catalog,0,0,0,0,1,0,0,0,0
davidclin__cloudcustodian-policies,0,0,0,0,0,46,0,0,0
davidfox87__crossplane-eks-argocd-mlops,0,0,0,0,1,0,0,0,0
DavidGitter__nifi-opa-plugin,0,7,0,0,0,0,0,0,0
davralin__cluster-ops,0,0,0,0,1,0,0,0,0
DawnbrandBots__yaml-yugipedia,0,0,0,0,0,0,0,0,0
DeadZoneLuna__css-community,3,0,0,0,0,0,0,0,0
deanhouaripower__TF-sentinel-lab,8,0,0,0,0,0,0,0,0
deckhouse__deckhouse,0,0,0,0,0,0,0,39,0
deepin-community__python-redis,1,0,0,0,0,0,0,0,0
defenseunicorns__lula,0,4,0,0,0,2,0,0,0
dejanb__guac-provider,0,0,0,0,0,0,0,2,0
deliciousmods__1956_beta,0,0,0,0,0,3,0,0,0
deliveryhero__helm-charts,0,6,0,0,0,0,0,0,0
dell__helm-charts,0,18,0,0,0,0,0,0,0
dell__karavi-authorization,0,8,0,0,0,0,0,0,0
demiban__pulumi-localstack-lambda-example,0,0,1,0,0,0,0,0,0
denniszielke__container_demos,0,5,0,0,0,0,0,2,0
department-of-veterans-affairs__vets-website,0,0,0,0,0,0,0,0,0
deployKF__deployKF,0,0,0,0,15,0,0,0,0
devantler-tech__platform,0,0,0,0,440,0,0,0,0
developer-guy__container-image-sign-and-verify-with-cosign-and-opa,0,1,0,0,0,0,0,0,0
developer-guy__policy-as-code-war,0,0,0,0,3,0,0,2,0
devops-adeel__terraform-vault-secrets-transit,10,0,0,0,0,0,0,0,0
devopscert202__k8sforbeginners,0,0,0,0,0,0,0,1,0
DevOpsRunbook__FastCampus,0,0,0,0,0,0,0,3,0
devopstales__k8s_sec_lab,0,0,0,0,4,0,0,0,0
devopstales__trivy-operator,0,0,0,0,3,0,0,0,0
DevSlop__k8ctf,0,0,0,0,0,0,0,3,0
devspace-cloud__devspace-cloud,0,12,0,0,0,0,0,0,0
devtron-labs__utilities,0,0,0,0,4,0,0,0,0
devxp-tech__gitops,0,0,0,0,1,0,0,0,0
dfds__dojo,1,0,0,0,0,0,0,0,0
dhruv-tailor__excelmakesbelhappypack,0,0,0,0,0,7,0,0,0
diranetafen__cursus-devops,0,0,0,0,1,0,0,0,0
dirien__pulumi-scaleway,0,0,834,0,0,0,0,0,0
DiscoverAI__sars-cov-2-drug-design,0,0,0,0,1,0,0,0,0
dmwm__CMSKubernetes,0,0,0,0,0,0,0,38,0
dnsimple__dnsimple-api-examples,1,0,0,0,0,0,0,0,0
DoD-Platform-One__Kyverno-Policies,0,0,0,0,53,0,0,0,0
DoW-Gray__TemTem,0,0,0,0,0,0,0,0,0
DownFall-Team__DownFall,2,0,0,0,0,0,0,0,0
DragonPomelo__trino-opa-example,0,25,0,0,0,0,0,0,0
Dukksa__Gekko-V9,0,0,0,0,0,11,0,0,0
duneanalytics__spellbook,0,0,0,0,0,1,0,0,0
EaW-Team__equestria_dev,0,0,0,0,0,15,0,0,0
Eclipse-Station__NEV-Northern-Light,0,0,0,0,0,4,0,0,0
eclipse-symphony__symphony,0,0,0,0,0,0,0,1,0
eclipse-tractusx__portal,0,0,0,0,0,9,0,0,0
eclipse-tractusx__sd-factory,0,0,0,0,0,6,0,0,0
edgelesssys__contrast,0,4,0,0,0,0,0,0,0
edgelesssys__uplosi,0,1,0,0,0,0,0,0,0
educates__educates-training-platform,0,0,0,0,3,0,0,0,0
eksctl-io__eksctl,0,0,0,0,3,0,2,0,0
elastic__cloud-on-k8s,0,0,0,0,3,0,0,0,0
elastic__cloudbeat,0,762,0,0,0,0,0,0,0
elastic__csp-security-policies,0,676,0,0,0,0,0,0,0
elastic__harp,0,4,0,0,0,0,0,0,0
elastisys__compliantkubernetes-apps,0,22,0,0,5,0,0,30,0
element-hq__matrix-authentication-service,0,11,0,0,0,0,0,0,0
elifesciences__elife-flux-cluster,0,0,0,0,2,0,0,0,0
EmbarkStudios__opa-policies,0,161,0,0,0,0,0,0,0
enterprise-contract__ec-cli,0,35,0,0,0,0,0,0,0
enterprise-contract__ec-policies,0,142,0,0,0,0,0,0,0
env0__acme-demo,0,1674,2,0,0,0,5,0,0
env0__acme-fitness,0,4,0,0,0,0,0,0,0
env0__templates,0,3,3,0,0,0,0,0,0
EOL__deprecated_eol,0,0,0,0,0,1,0,0,0
epam__aws-ci-cd-accelerator,0,0,0,0,0,1,0,0,0
erkules__k8sworkshop,0,0,0,0,18,0,0,10,0
ernado__oss-estimator,0,0,0,0,0,2,0,0,0
exploreGit-Ops__infra-repo,0,0,0,0,0,0,0,2,0
fabianlee__blogcode,0,0,0,0,2,0,0,0,0
factset__enterprise-sdk,0,0,0,0,0,3,0,0,0
FairwindsOps__insights-cli,0,10,0,0,0,0,0,0,0
felixzhu1989__YangZhongkeDotNet,24,0,0,0,0,0,0,0,0
FernandoCalmet__design-patterns,4,0,0,0,0,0,0,0,0
fhir-ru__core,0,0,0,0,0,15,0,0,0
fhir-ru__zendoc,0,0,0,0,0,3,0,0,0
fischerscode__my-k3s,0,0,0,0,1,0,0,0,0
fits__try_samples,0,0,4,0,0,0,0,0,0
fiverr__fiverr.github.io,0,0,0,0,0,1,0,0,0
FIWARE-Ops__batterypass-demonstrator,0,0,0,0,0,6,0,0,0
FIWARE__keycloak-vc-issuer,0,0,0,0,0,1,0,0,0
fjudith__saltstack-kubernetes,0,0,0,0,0,0,0,2,0
flatt-security__shisho-cloud-managed-workflows,0,666,0,0,0,0,0,0,0
fleetdm__fleet,0,2,0,0,0,0,0,0,0
fluxcd__flux2-multi-tenancy,0,0,0,0,2,0,0,0,0
forbole__soljuno,0,0,0,0,0,1,0,0,0
Force-Attack__Force-Attack,0,0,0,0,0,4,0,0,0
fraineralex__RealEstate-App,2,0,0,0,0,0,0,0,0
frozenmistadventure__fmetp_tutorial_hololens2_stream,6,0,0,0,0,0,0,0,0
fugue__custom-rules,0,44,0,0,0,0,0,0,0
fugue__fregot,0,131,0,0,0,0,0,0,0
functionless__nodejs-closure-serializer,0,0,2,0,0,0,0,0,0
fybrik__airbyte-module,0,3,0,0,0,0,0,0,0
g0pinath__k8s-core-infra,0,0,0,0,0,0,0,21,0
gardener__gardener,0,0,0,0,4,4,0,0,0
gbif-norway__ChatIPT,0,0,0,0,0,2,0,0,0
gbrindisi__dockerfile-security,0,1,0,0,0,0,0,0,0
Geeks-Academy__terraform,2,0,0,0,0,0,0,0,0
GeoscienceAustralia__dea-knowledge-hub,0,0,0,0,0,77,0,0,0
getgrit__gritql,0,0,0,0,0,3,0,0,0
ggreen__spring-geode-showcase,1,0,0,0,0,0,0,0,0
ghostunnel__ghostunnel,0,3,0,0,0,0,0,0,0
ghumman__iqbal-demystified-web,0,0,0,0,0,9,0,0,0
gianluca-moro__SeeingTemperature,4,0,0,0,0,0,0,0,0
github__codeql,0,0,0,0,0,1,0,0,0
gmagella-ca__custodian-pipeline,0,0,0,0,0,3,0,0,0
GoogleCloudPlatform__anthos-config-management-samples,0,0,0,0,0,0,0,6,0
GoogleCloudPlatform__click-to-deploy,0,0,0,0,0,0,0,1,0
GoogleCloudPlatform__config-validator,0,2,0,0,0,0,0,6,0
GoogleCloudPlatform__pbmm-on-gcp-onboarding,0,3,0,0,0,0,0,81,0
GoogleCloudPlatform__policy-library,0,174,0,0,0,0,0,99,0
GoogleCloudPlatform__professional-services,0,8,0,0,0,0,0,6,0
GoogleCloudPlatform__pubsec-declarative-toolkit,0,0,0,0,0,0,0,11,0
GoogleCloudPlatform__solution-acceleration-toolkit,0,3,0,0,0,0,0,95,0
GoogleCloudPlatform__terraform-google-enterprise-genai,0,0,0,0,0,0,0,0,0
GoogleCloudPlatform__terraform-google-secured-data-warehouse,0,3,0,0,0,0,0,81,0
GoogleCloudPlatform__workload-manager,0,164,0,0,0,0,0,0,0
GoogleContainerTools__kpt-config-sync,0,0,0,0,0,0,0,11,0
GoogleContainerTools__kpt-functions-catalog,0,0,0,0,0,0,0,8,0
GoogleContainerTools__kpt-functions-sdk,0,0,0,0,0,0,0,1,0
google__gke-policy-automation,0,187,0,0,0,0,0,0,0
google__oss-fuzz,0,0,0,0,0,1,0,0,0
GovReady__govready-q,0,0,0,0,0,1,0,0,0
Gradiant__grad-ssikit-android,0,3,0,0,0,2,0,0,0
grafana__mimir,0,9,0,0,0,0,0,0,0
green-button__green-button.github.io,0,0,0,0,0,1,0,0,0
Green-Software-Foundation__champions,0,0,0,0,0,0,0,0,0
greenbrian__musical-spork,6,0,0,0,0,0,0,0,0
gremlin__CloudFormation-Resources,0,0,0,0,1,0,0,0,0
grommunio__grommunio-meet-mobile,0,0,0,0,0,0,0,0,0
GSA__sdg-data-usa-staging,0,0,0,0,0,1,0,0,0
gscho__setup-cloud-custodian,0,0,0,0,0,2,0,0,0
Guadalsurfers__bullshitmeter,0,0,0,0,0,2,0,0,0
gucio1200__home-infra,0,0,0,0,3,0,0,0,0
guidemetothemoon__tech-utils,0,0,0,0,0,0,0,1,0
GUILLEEBMX__UTN-CORDOBA,4,0,0,0,0,0,0,0,0
gustcol__Canivete,0,0,0,0,0,0,0,0,0
h3mmy__bloopySphere,0,0,0,0,18,0,0,0,0
haacked__haacked.com,0,0,0,0,0,1,0,0,0
hackercampcz__core,0,0,4,0,0,0,0,0,0
hagzag__just-do-it,0,0,0,0,0,0,0,1,0
haraldkoch__kochhaus-home,0,0,0,0,9,0,0,0,0
hardbyte__netchecks,0,0,0,0,1,0,0,0,0
harness-community__harnesscd-example-apps,0,0,0,0,1,0,0,0,0
harness-community__solutions-architecture,0,33,0,0,0,0,0,0,0
harsh4870__cloud-custodian,0,0,0,0,0,18,4,0,0
hashicorp-demoapp__infrastructure,13,15,0,0,0,0,0,0,0
hashicorp-education__learn-sentinel-write-policy,2,0,0,0,0,0,0,0,0
hashicorp-education__learn-terraform-cost-estimation,1,0,0,0,0,0,0,0,0
hashicorp-services__enablement-terraform-lab-modules,35,0,0,0,0,0,0,0,0
hashicorp__demo-terraform-201,2,0,0,0,0,0,0,0,0
hashicorp__katakoda,2,0,0,0,0,0,0,0,0
hashicorp__nomad-guides,15,0,0,0,0,0,0,0,0
hashicorp__observability-as-code,4,0,0,0,0,0,0,0,0
hashicorp__policy-library-aws-networking-terraform,12,0,0,0,0,0,0,0,0
hashicorp__policy-library-CIS-Policy-Set-for-AWS-Terraform,10,0,0,0,0,0,0,0,0
hashicorp__policy-library-gcp-compute-terraform,15,0,0,0,0,0,0,0,0
hashicorp__policy-library-gcp-databases-terraform,3,0,0,0,0,0,0,0,0
hashicorp__policy-library-gcp-networking-terraform,27,0,0,0,0,0,0,0,0
hashicorp__sentinel-sdk,3,0,0,0,0,0,0,0,0
hashicorp__sentinel-training-solution,54,0,0,0,0,0,0,0,0
hashicorp__terraform-guides,292,0,0,0,0,0,0,0,0
hashicorp__terraform-sentinel-policies,386,0,0,0,0,0,0,0,0
hashicorp__tfc-workshops-sentinel,6,0,0,0,0,0,0,0,0
hashicorp__tfe-policies-example,13,0,0,0,0,0,0,0,0
hashicorp__vault-guides,18,0,0,0,0,0,0,0,0
hashintel__hash,0,0,0,7,0,0,0,0,0
HC-IPPM__safe-inputs,0,0,0,0,4,0,0,0,0
hcigroupkonstanz__STREAM,2,0,0,0,0,0,0,0,0
hcrhall__sentinel-from-scratch,14,0,0,0,0,0,0,0,0
hcrhall__sentinel-infracost-module,4,0,0,0,0,0,0,0,0
HealthSamurai__igpop,0,0,0,0,0,12,0,0,0
helpfulBadger__envoy_getting_started,0,20,0,0,0,0,0,0,0
herrfeder__AI_Cybersecurity_IDS_PoC,0,0,0,0,1,0,0,0,0
hexikani__pulsechain-projects,0,0,0,0,0,2,0,0,0
HHS__hhs-ocdo,0,0,0,0,0,1,0,0,0
hitcherland__FoundryVTT-Heart,0,0,0,0,0,1,0,0,0
HL7__davinci-epdx,0,0,0,0,0,1,0,0,0
hmrc__address-lookup,0,0,0,0,0,0,0,0,0
hogeschool__webdev-semester,2,0,0,0,0,0,0,0,0
HoloLabInc__HoloLab.Immersal,2,0,0,0,0,0,0,0,0
HoloLabInc__ProjectSpirare-for-Unity,11,0,0,0,0,0,0,0,0
HoudaifaBouamine__Bank_System_On_Team,1,0,0,0,0,0,0,0,0
HoussemDellai__ProductsStoreOnKubernetes,0,0,0,0,0,0,0,1,0
HRNGR__DevOps,1,0,0,0,0,0,6,0,0
huaweicloud__cloud-custodian,0,0,0,0,0,93,5,0,0
hugolantaume__iso-swift,0,0,0,0,0,0,0,0,0
Hyperledger-TWGC__tape,0,2,0,0,0,0,0,0,0
iamsouravin__otelcol-custom-istio-awsxray,0,0,0,0,1,0,0,0,0
iann0036__former2,0,0,1,0,0,0,1,0,0
iann0036__iamlive,0,0,0,0,0,0,6,0,0
IBM-Cloud__terraform-opa-ibm,0,2736,0,0,0,0,0,0,0
IBM__azure-marketplace-arm-templates,0,0,0,0,0,0,0,0,0
IBM__cloud-pak-operations-cli,0,0,0,0,1,0,0,0,0
IBM__integrity-enforcer,0,0,0,0,0,0,0,1,0
IBM__ITBench-Scenarios,0,1,0,0,4,0,0,0,0
IBM__portieris,0,0,0,0,0,0,0,0,0
ICEI-PUC-Minas-PMV-ADS__CaoPortado,1,0,0,0,0,0,0,0,0
ICEI-PUC-Minas-PMV-ADS__pmv-ads-2022-2-e2-proj-int-t5-PetsON,1,0,0,0,0,0,0,0,0
ietf-tools__relaton-data-ids,0,0,0,0,0,28,0,0,0
igniterealtime__openfire-ofmeet-plugin,0,0,0,0,0,0,0,0,0
ihcsim__linkerd-opa,0,0,0,0,0,0,0,2,0
iits-consulting__charts,0,0,0,0,9,0,0,0,0
Iliescu-Dorin__ASP.NET-Core-with-NUXT3,1,0,0,0,0,0,0,0,0
immersve__immersve-docs,0,0,0,0,0,0,0,0,0
in4it__aws-config-compliance-checks,0,0,0,0,0,0,0,0,0
infobloxopen__seal,0,3,0,0,0,0,0,0,0
inigolabs__inigo-js,0,0,0,0,0,1,0,0,0
inigolabs__inigo-py,0,0,0,0,0,2,0,0,0
inigolabs__inigo-rb,0,0,0,0,0,1,0,0,0
intelops__genval,0,26,0,0,1,0,0,0,0
intel__cluster-management-toolkit,0,0,0,0,4,0,0,0,0
intel__intel-policy-library,0,0,0,0,0,0,0,0,0
intel__policy-library-intel-aws,49,0,0,0,0,0,0,0,0
intel__policy-library-intel-azure,2,0,0,0,0,0,0,0,0
intel__SGXDataCenterAttestationPrimitives,0,1,0,0,0,0,0,0,0
interaction-lab__NRI-SVTE,2,0,0,0,0,0,0,0,0
invinst__chicago-police-data,0,0,0,0,0,0,0,0,0
ioggstream__python-course,0,1,0,0,0,0,0,0,0
IRVLUTD__iTeach,10,0,0,0,0,0,0,0,0
islet-project__islet,0,2,0,0,0,0,0,0,0
Israel-Junqueira__Projeto-LocalBus-View,1,0,0,0,0,0,0,0,0
itisaby__Terraform-OPA,0,2,0,0,0,0,0,0,0
iuli4n__AR-CYBS-UnityArduinoMultiplayerXR,2,0,0,0,0,0,0,0,0
IvanParvanovski__SoftUniPractice,0,0,0,0,0,0,0,0,0
ixxeL-DevOps__GitOps-home,0,0,0,0,13,0,0,0,0
J0hn-B__k8s_opa,0,0,0,0,0,0,0,1,0
jakubknejzlik__sst-sfn,0,0,124,0,0,0,0,0,0
jamalshahverdiev__kyverno,0,0,0,0,50,0,0,0,0
JaneJeon__self-hosted,0,0,0,0,0,1,0,0,0
jayissi__Sandbox-ACM-Policy,0,0,0,0,0,0,0,0,0
jdcast__ar-final-project,11,0,0,0,0,0,0,0,0
JefeDavis__k8s-HomeOps,0,0,0,0,5,0,0,0,0
jesse-gonzalez__nai-llm-fleet-infra,0,0,0,0,2,0,0,0,0
jessemcculloch__UnityOpenXRMRTKBase,2,0,0,0,0,0,0,0,0
jixiuf__vmacs,0,0,0,0,0,0,0,0,0
JJGadgets__Biohazard,0,0,0,0,7,0,0,0,0
jjleng__paka,0,0,4,0,0,0,0,0,0
jlucaspains__go-rest-template,0,3,0,0,0,0,0,0,0
joatmon08__tdd-infrastructure,3,9,0,0,0,0,0,0,0
johanfylling__opa-dependency-manager,0,4,0,0,0,0,0,0,0
jonashackt__crossplane-eks-cluster,0,0,0,0,1,0,0,0,0
joshuaspence__homelab,0,2,0,0,0,0,0,0,0
josineudo-arruda__Park-Manager,1,0,0,0,0,0,0,0,0
jouve__charts,0,0,0,0,0,0,0,47,0
jpbarto__private-eks-cluster,0,0,0,0,1,0,0,0,0
jpetazzo__container.training,0,0,0,0,10,0,0,0,0
JPMeehan__a5e-for-dnd5e,0,0,0,0,0,1,0,0,0
jr0dd__home-ops,0,0,0,0,2,0,0,0,0
jsuereth__o11y-by-design,0,5,0,0,0,0,0,0,0
jthelin__jthelin.github.io,0,0,0,0,0,0,0,0,0
jtroberts83__Cloud-Custodian,0,0,0,0,0,19,0,0,0
juspay__hyperswitch-card-vault,0,0,0,0,0,2,0,0,0
k0ody__LINUXtips-PICK,0,0,0,0,4,0,0,0,0
k8s-gadgets__k8s-content-trust,0,7,0,0,0,0,0,0,0
k8s-operatorhub__community-operators,0,0,0,0,12,0,0,0,0
k8spin__opa-k8s-development,0,8,0,0,0,0,0,0,0
k9securityio__cedar-py,0,0,0,6,0,0,0,0,0
kaiming-uw__AR_UI_Security,2,0,0,0,0,0,0,0,0
kammous__k8s-tips,0,2,0,0,0,0,0,2,0
kartoza__ckanext-dalrrd-emc-dcpr,0,0,0,0,0,1,0,0,0
kartoza__SAEOSS-Portal,0,0,0,0,0,1,0,0,0
kata-containers__kata-containers,0,5,0,0,0,0,0,0,0
kcl-lang__modules,0,0,0,0,2,0,0,3,0
kdash-rs__kdash,0,0,0,0,0,0,0,0,0
Kekke0__Adatbalapu_Tudasbazis,1,0,0,0,0,0,0,0,0
killer-sh__cks-course-environment,0,3,0,0,0,0,0,5,0
kingdonb__kccnceu2021,0,0,0,0,15,0,0,0,0
kmodules__resource-metadata,0,0,0,0,0,0,0,3,0
kmsmith137__pyclops,0,0,0,1,0,0,0,0,0
kmsmith137__simpulse,0,0,0,1,0,0,0,0,0
koblas__cedar-go,0,0,0,27,0,0,0,0,0
komodorio__komoplane,0,0,0,0,1,0,0,0,0
kondukto-io__kntrl,0,11,0,0,0,0,0,0,0
konfig-dev__konfig,0,0,0,0,0,0,0,0,0
konflux-ci__konflux-test,0,19,0,0,0,0,0,0,0
kro-run__kro,0,0,0,0,2,0,0,0,0
kube-components-stack__kustomization,0,0,0,0,9,0,0,0,0
kube-tarian__helmrepo-supporting-tools,0,0,0,0,7,0,0,0,0
kubearmor__KubeArmor,0,0,0,0,26,0,0,0,0
kubeflow__testing,0,0,0,0,0,0,0,0,0
KubeOperator__charts,0,3,0,0,0,0,0,2,0
kubeops__installer,0,0,0,0,0,0,0,46,0
kubermatic__kubermatic,0,0,0,0,0,0,0,5,0
kubernetes-sigs__wg-policy-prototypes,0,0,0,0,8,0,0,0,0
kubescape__regolibrary,0,346,0,0,0,0,0,0,0
kubeshield__bpf-opa-demo,0,4,0,0,0,0,0,0,0
kubeslice-ent__egs-installation,0,0,0,0,3,0,0,0,0
kubesphere__ks-installer,0,0,0,0,0,0,0,2,0
kubev2v__forklift,0,170,0,0,0,0,0,0,0
kubewarden__helm-charts,0,0,0,0,1,0,0,0,17
kubewarden__policy-evaluator,0,10,0,0,0,0,0,0,0
kvskmech__Cloud-Custodian-Policies,0,0,0,0,0,6,0,0,0
kyma-project__test-infra,0,0,0,0,0,0,0,14,0
kyverno__demos,0,0,0,0,79,0,0,0,0
kyverno__kyverno,0,0,0,0,907,0,0,0,0
kyverno__playground,0,0,0,0,13,0,0,0,0
kyverno__policies,0,0,0,0,1184,0,0,0,0
kyverno__policy-reporter,0,0,0,0,4,0,0,0,0
L-Leite__source-sdk-csgo,3,0,0,0,0,0,0,0,0
lawnjarae__github-vault-terraform-demo,9,0,0,0,0,0,0,0,0
leancloud__satori,1,0,0,0,0,0,0,0,0
Legit-Labs__legitify,0,15,0,0,0,0,0,0,0
lenaxia__home-ops-dev,0,0,0,0,7,0,0,0,0
lenaxia__home-ops-prod,0,0,0,0,7,0,0,0,0
lftraining__LFS255-code-public,0,0,0,0,17,0,0,0,0
li10labs__li10-governance,0,0,0,0,0,15,0,0,0
lightningkite__rxkotlin-plus,0,0,0,0,0,0,0,0,0
lihaowei1999__IRToolTrackingWithHololens2,7,0,0,0,0,0,0,0,0
limvi-licef__MATCH,3,0,0,0,0,0,0,0,0
LinkedInLearning__ASP.NET-NET6-2896920,16,0,0,0,0,0,0,0,0
liuzikai__HoloScanner,2,0,0,0,0,0,0,0,0
loft-sh__devspace-quickstart-asp-dotnet,1,0,0,0,0,0,0,0,0
loft-sh__jspolicy,0,0,0,0,1,0,0,0,0
Loongson-Cloud-Community__dockerfiles,1,0,0,0,0,0,0,4,0
LorenData__ECGrid-API,2,0,0,0,0,0,0,0,0
losvedir__transit-lang-cmp,1,0,0,0,0,0,0,0,0
lulzzz__cloud-custodian-pipeline-sample,0,0,0,0,0,7,0,0,0
luminartech__helm-charts-public,0,0,0,0,1,0,0,0,0
lynge96__kodeOpgaver,4,0,0,0,0,0,0,0,0
m-mizutani__ghnotify,0,6,0,0,0,0,0,0,0
m-mizutani__opac,0,8,0,0,0,0,0,0,0
m0rphtail__Teleport,0,0,0,0,0,0,0,0,0
m9sweeper__m9sweeper,0,0,0,0,0,0,0,29,0
MacroPower__homelab,0,0,0,0,7,0,0,0,0
magda-io__magda,0,74,0,0,0,1,0,0,0
MagnusHJensen__cedar-code-generator,0,0,0,1,0,0,0,0,0
MAIF__wasmo,0,4,0,0,0,0,0,0,0
mamezou-tech__k8s-hands-on,0,0,0,0,0,0,0,2,0
manheim__manheim-c7n-tools,0,0,0,0,0,12,0,0,0
mapbox__asset-tracking,0,0,1,0,0,0,0,0,0
martinohmann__home-ops,0,0,0,0,1,0,0,0,0
MartinStokholm__DABExercises,2,0,0,0,0,0,0,0,0
materialsproject__custodian,0,0,0,0,0,3,0,0,0
materialsvirtuallab__materials.sh,0,0,0,0,0,2,0,0,0
mathieu-benoit__ci-with-helm,0,0,0,0,0,0,0,2,0
mathieu-benoit__istio-gatekeeper-demos,0,0,0,0,0,0,0,7,0
matihost__monorepo,0,0,0,0,0,0,0,0,0
mattclay__aws-terminator,0,0,0,0,1,0,0,0,0
mattiasholm__code,0,0,3,0,0,0,0,0,0
mattycorbett__GazePair,2,0,0,0,0,0,0,0,0
mawinkler__c1-playground,0,0,0,0,0,0,0,1,0
maxtacu__ecr-pull-through,0,0,0,0,4,0,0,0,0
Mellanox__network-operator,0,0,0,0,17,0,0,0,0
memo33__sc4pac,0,0,0,0,0,2,0,0,0
merlinepedra__MONGODB-ENTERPRISE,0,0,0,0,0,0,0,7,0
meshery__meshery,0,20,0,0,0,0,0,0,0
mesosphere__kommander-applications,0,0,0,0,1,0,0,2,0
metio__kube-custom-resources-rs,0,0,0,0,10,0,0,4,0
mia-platform__distribution,0,0,0,0,3,0,0,0,0
michaelborchert__rdk,0,0,0,0,0,0,0,0,0
michaelvl__kubernetes-rego-tests,0,9,0,0,0,0,0,0,0
microfisher__NETCore-Snowflake-Framework,1,0,0,0,0,0,0,0,0
MicrosoftDocs__mslearn-mr-adt-in-unity,2,0,0,0,0,0,0,0,0
MicrosoftEdge__WebView2Samples,1,0,0,0,0,0,0,0,0
microsoft__all-things-azure,0,0,0,0,1,0,0,0,0
microsoft__azuredatastudio,0,0,0,0,0,0,9,0,0
microsoft__confidential-aci-examples,0,1,0,0,0,0,0,0,0
microsoft__dsl-copilot,0,0,0,0,0,1,0,0,0
microsoft__hcsshim,0,14,0,0,0,0,0,0,0
microsoft__Ironclad,2,0,0,0,0,0,0,0,0
microsoft__MRDL_Unity_PeriodicTable,11,0,0,0,0,0,0,0,0
microsoft__OpenXR-Unity-MixedReality-Samples,6,0,0,0,0,0,0,0,0
microsoft__rego-cpp,0,29,0,0,0,0,0,0,0
microsoft__regorus,0,26,0,0,0,0,0,0,0
mikesname__ehri-ica-atom,0,0,0,0,0,0,0,0,0
ministryofjustice__cloud-platform-environments,0,24,0,0,0,0,0,0,0
ministryofjustice__data-catalogue,0,0,0,0,0,11,0,0,0
ministryofjustice__modernisation-platform,0,14,0,0,0,0,0,0,0
Misaka-0x447f__telegram-bot.cloudy-misaka,0,0,0,0,0,0,1,0,0
Misaka-0x447f__xp-oobe,0,0,0,0,0,0,1,0,0
mitodl__ol-infrastructure,0,0,1,0,0,8,0,0,0
mitre__ptmatch,0,0,0,0,0,1,0,0,0
MixedRealityETHZ__HoloScanner,2,0,0,0,0,0,0,0,0
mkumar8184__fluentvalidation-asp.net6.0,1,0,0,0,0,0,0,0,0
mongodb__mongodb-enterprise-kubernetes,0,0,0,0,0,0,0,7,0
mongodb__terraform-provider-mongodbatlas,0,0,0,0,0,0,0,0,0
MoreEventsMod__More_Events_Mod_Beta,0,0,0,0,0,5,0,0,0
morgante__deployment-example,0,71,0,0,0,0,0,35,0
mrgomeza__GatsuGrades,2,0,0,0,0,0,0,0,0
msdevengers__kubernetes-essentials,0,0,0,0,0,0,0,1,0
nadgowdas__protect-the-pipe-demo,0,0,0,0,9,0,0,0,0
nakamasato__kubernetes-training,0,7,0,0,0,0,0,4,0
nap-it__SafeARCross,1,0,0,0,0,0,0,0,0
Narrowbeam__cfn-yaml-vs,0,0,0,0,0,0,1,0,0
narval-xyz__armory,0,94,0,0,0,0,0,0,0
NASA-SUITS-Daedalus__Daedalus_SUITS_2024,4,0,0,0,0,0,0,0,0
nationalarchives__tna-custodian,0,0,0,0,0,27,0,0,0
ndruger__development_tool_test,0,1,0,0,0,0,0,0,0
Near-One__eth-connector,0,0,0,0,0,2,0,0,0
negz__crossplane-scale,0,0,0,0,1,0,0,0,0
nephio-project__catalog,0,0,0,0,0,0,0,1,0
nephio-project__nephio-example-packages,0,0,0,0,0,0,0,1,0
nephio-project__nephio-packages,0,0,0,0,0,0,0,2,0
netscaler__cloud-native-getting-started,0,0,0,0,0,0,0,1,0
netscaler__netscaler-k8s-ingress-controller,0,0,0,0,0,0,0,7,0
networkservicemesh__sdk,0,9,0,0,0,0,0,0,0
Neurone__stellaris-italian-translation,0,0,0,0,0,41,0,0,0
Neutrollized__free-tier-gke,0,0,0,0,6,0,0,2,0
nevzatcirak__spring-oauth2-and-opa,0,3,0,0,0,0,0,0,0
newagemob__intracav-blog,0,0,0,0,0,0,0,0,0
NewbMiao__opa-koans,0,17,0,0,0,0,0,0,0
nhsconnect__gpconnect-swagger,0,0,0,0,0,1,0,0,0
NHSDigital__booking-and-referral-fhir-api,0,0,0,0,0,6,0,0,0
NHSDigital__IOPS-FHIR-Simplifier-Backup,0,0,0,0,0,0,0,0,0
NHSDigital__NRLF,0,0,0,0,0,9,0,0,0
niccoloraspa__talk-kcd-italy-2021-opa-gatekeeper,0,0,0,0,0,0,0,4,0
NickMortimer__turtle,0,0,0,0,0,2,0,0,0
NielsG-it__kubernetes_workshop,0,0,0,0,0,0,0,2,0
nirmata-add-ons__policies,0,0,0,0,27,0,0,0,0
nirmata__demo-namespaces-as-a-service,0,0,0,0,6,0,0,0,0
nirmata__kube-bench,0,0,0,0,3,0,0,0,0
nirmata__kyverno-charts,0,0,0,0,32,0,0,0,0
nirmata__kyverno-policies,0,0,0,0,284,0,0,0,0
nirmata__RBAC-policies,0,0,0,0,30,0,0,0,0
nobl9__sloctl,0,0,0,0,0,2,0,0,0
NolanMM__CSCN73030_Project_Advanced_Software,1,0,0,0,0,0,0,0,0
NorskHelsenett__gitOps,0,0,0,0,15,0,0,0,0
npenin__akala,0,0,0,0,0,0,5,0,0
nscuro__dtapac,0,7,0,0,0,0,0,0,0
NSudharsan__HoloLensExamples,22,0,0,0,0,0,0,0,0
NVIDIA__cloud-native-stack,0,0,0,0,1,0,0,0,0
NVIDIA__gpu-operator,0,0,0,0,78,0,0,0,0
odahu__odahu-flow,0,14,0,0,0,0,0,0,0
okteto__okteto,1,0,0,0,0,0,0,0,0
ollionorg__gcp-landing-zone,0,215,0,0,0,0,0,136,0
omerlh__opa-demo,0,11,0,0,0,0,0,0,0
onetwopunch__policy-library-examples,0,41,0,0,0,0,0,20,0
OnlineCodex__OnlineCodex,0,0,0,0,0,0,0,0,0
ONSdigital__sdg-data,0,0,0,0,0,2,0,0,0
ooici__ion-definitions,0,0,0,0,0,1,0,0,0
open-cluster-management-io__governance-policy-framework-addon,0,0,0,0,0,0,0,14,0
open-cluster-management-io__policy-collection,0,8,0,0,57,0,0,20,0
open-cluster-management-io__policy-generator-plugin,0,0,0,0,1,0,0,1,0
open-policy-agent__cert-controller,0,0,0,0,0,0,0,0,0
open-policy-agent__conftest,0,74,0,0,0,0,0,0,0
open-policy-agent__contrib,0,48,0,0,0,0,0,0,0
open-policy-agent__example-api-authz-go,0,2,0,0,0,0,0,0,0
open-policy-agent__frameworks,0,2,0,0,0,0,0,4,0
open-policy-agent__gatekeeper,0,10,0,0,0,0,0,57,0
open-policy-agent__gatekeeper-external-data-provider,0,0,0,0,0,0,0,1,0
open-policy-agent__gatekeeper-library,0,134,0,0,0,0,0,187,0
open-policy-agent__golang-opa-wasm,0,2,0,0,0,0,0,0,0
open-policy-agent__library,0,45,0,0,0,0,0,0,0
open-policy-agent__npm-opa-wasm,0,12,0,0,0,0,0,0,0
open-policy-agent__opa,0,98,0,0,0,0,0,0,0
open-policy-agent__opa-docker-authz,0,3,0,0,0,0,0,0,0
open-policy-agent__opa-envoy-plugin,0,1,0,0,0,0,0,0,0
open-policy-agent__opa-idea-plugin,0,56,0,0,0,0,0,0,0
open-sdg__open-sdg,0,0,0,0,0,5,0,0,0
open-sdg__open-sdg-data-starter,0,0,0,0,0,1,0,0,0
open-sdg__sdg-translations,0,0,0,0,0,27,0,0,0
open-telemetry__semantic-conventions,0,10,0,0,0,0,0,0,0
open-telemetry__weaver,0,19,0,0,0,0,0,0,0
OpenChemistry__distiller,0,0,0,0,0,1,0,0,0
opencimi__archetypes,0,0,0,0,0,3522,0,0,0
opencontrol__standards,0,0,0,0,0,4,0,0,0
opencredo__opa-single-message-transformer,0,6,0,0,0,0,0,0,0
opengovsg__eslint-config-opengovsg,0,0,1,0,0,0,0,0,0
openshift-4-compliance__openshift-4-compliance-automation,0,0,0,0,10,0,0,21,0
openshift-helm-charts__development,0,0,0,0,0,0,0,4,0
openshift__cac-content-fork,0,0,0,0,0,4,0,0,0
openshift__gatekeeper,0,17,0,0,0,0,0,32,0
openshift__gatekeeper-operator,0,0,0,0,0,0,0,2,0
openshift__managed-cluster-config,0,0,0,0,0,0,0,0,0
opensource-observer__oss-directory,0,0,0,0,0,1,0,0,0
operate-first__continuous-delivery,0,5,0,0,0,0,0,0,0
oracle-devrel__cd3-automation-toolkit,0,31,0,0,0,0,0,0,0
orchestracities__anubis,0,7,0,0,0,0,0,0,0
OrlyJunior__Entra_21_Opporteenity,1,0,0,0,0,0,0,0,0
oscal-compass__compliance-to-policy,0,0,0,0,0,0,0,0,0
oscal-compass__compliance-to-policy-go,0,0,0,0,0,0,0,0,0
Oscarlind__cluster-configs,0,0,0,0,2,0,0,0,0
oss-compass__compass-projects-information,0,0,0,0,0,1,0,0,0
ossf__alpha-omega,0,949,0,0,0,0,0,0,0
OT-CONTAINER-KIT__redis,1,0,0,0,0,0,0,0,0
ottosulin__gatekeeper-basic-ruleset,0,0,0,0,0,0,0,17,0
ouzdev__polly-http-client-sample,2,0,0,0,0,0,0,0,0
oxidrive__oxidrive,0,0,0,1,0,0,0,0,0
oxyno-zeta__golang-graphql-example,0,1,0,0,0,0,0,0,0
oxyno-zeta__s3-proxy,0,1,0,0,0,0,0,0,0
pachyderm__pachyderm,0,0,0,0,0,0,0,9,0
PacktPublishing__A-Certified-Kubernetes-Security-Specialist-CKS-Course,0,2,0,0,0,0,0,4,0
PacktPublishing__Accelerating-DevSecOps-on-AWS,1,0,0,0,0,0,0,1,0
PacktPublishing__Azure-Active-Directory-for-Secure-Application-Development,2,0,0,0,0,0,0,0,0
PacktPublishing__Bootstrap-Service-Mesh-Implementations-with-Istio,0,0,0,0,0,0,0,2,0
PacktPublishing__Cloud-Native-Software-Security-Handbook,0,4,0,0,0,0,0,4,0
PacktPublishing__HashiCorp-Infrastructure-Automation-Certification-Guide,1,0,0,0,0,0,0,0,0
PacktPublishing__Kubernetes---An-Enterprise-Guide-2E,0,10,0,0,0,0,0,4,0
PacktPublishing__Kubernetes-An-Enterprise-Guide-Third-Edition,0,12,0,0,0,0,0,4,0
PacktPublishing__Mastering-AWS-CloudFormation-Second-Edition,0,0,0,0,0,0,1,0,0
PacktPublishing__Mastering-Kubernetes-4th-Edition,0,0,0,0,6,0,0,0,0
PacktPublishing__Platform-Engineering-for-Architects,0,0,0,0,0,0,0,1,0
PacktPublishing__Terraform-Cookbook,3,0,0,0,0,0,0,0,0
PacktPublishing__Terraform-Cookbook-Second-Edition,3,2,0,0,0,0,0,0,0
PacktPublishing__The-Ultimate-Guide-to-Building-a-Google-Cloud-Foundation,0,3,0,0,0,0,0,2,0
PaloAltoNetworks__prisma-cloud-compute-sample-code,0,93,0,0,0,0,0,0,0
PaloAltoNetworks__rbac-police,0,25,0,0,0,0,0,2,0
Parsifal-M__backstage-opa-plugins,0,5,0,0,0,0,0,0,0
patternfly-labs__react-form-wizard,0,0,0,0,3,0,0,0,0
pauwels-labs__flux-infra,0,0,0,0,0,0,0,4,0
payOSHQ__payos-demo-dotnet-core,1,0,0,0,0,0,0,0,0
pbom-dev__OSCAR,0,0,0,0,0,1,0,0,0
pegski__api,0,0,0,0,0,2,0,0,0
percona__percona-postgresql-operator,0,0,0,0,2,0,0,0,0
permitio__opal,0,7,0,0,0,0,0,0,0
permitio__opal-cedar,0,0,0,3,0,0,0,0,0
permitio__opal-example-policy-repo,0,2,0,1,0,0,0,0,0
permitio__tinytodo,0,0,0,2,0,0,0,0,0
permitta__permitta,0,20,0,0,0,0,0,0,0
petergu684__HoloLens2-ResearchMode-Unity,2,0,0,0,0,0,0,0,0
philfleck__ragrug,9,0,0,0,0,0,0,0,0
phukphoom__classroom-documents,1,0,0,0,0,0,0,0,0
phzietsman__aws-c7n-lambda-layer,0,0,0,0,0,1,0,0,0
Pigius__avp-cli,0,0,0,14,0,0,0,0,0
PlanB-Network__bitcoin-educational-content,0,0,0,0,0,20,0,0,0
plexsystems__konstraint,0,63,0,0,0,0,0,26,0
pliu__k8splayground,0,1,0,0,0,0,0,0,0
pluralsh__plural-helm-charts,0,0,0,0,15,0,0,0,0
pokepay__aws-sdk-lisp,0,0,0,0,0,0,13,0,0
port-labs__pulumi-port,0,0,22,0,0,0,0,0,0
port-labs__template-assets,0,0,0,0,0,0,0,0,0
portefaix__portefaix-hub,0,0,0,0,12,0,0,0,3
prancer-io__prancer-compliance-test,0,384,0,0,0,0,0,0,0
prepor__github-pulumi,0,0,1,0,0,0,0,0,0
PretentiousPoet__pretentious-poet,0,0,0,0,0,1,0,0,0
primecitizens__pcz,0,0,0,0,0,2,0,0,0
Privado-Inc__privado,0,0,0,0,0,1,0,0,0
proactionhq__proaction,0,7,0,0,0,0,0,0,0
ProgettoArchimista__archimista,0,0,0,0,0,3,0,0,0
ProgettoArchimista__archivista,0,0,0,0,0,2,0,0,0
project-sunbird__sunbird-devops,0,41,0,0,0,5,0,0,0
project-sunbird__sunbird-ed-installer,0,50,0,0,0,0,0,0,0
project-sunbird__sunbird.org-docs,0,0,0,0,0,6,0,0,0
projectcontour__contour,0,0,0,0,0,0,0,11,0
projectsveltos__demos,0,0,0,0,7,0,0,0,0
PTG-Kitware__angel_system,3,0,0,0,0,0,0,0,0
pulumiverse__pulumi-harbor,0,0,109,0,0,0,0,0,0
pulumiverse__pulumi-purrl,0,0,6,0,0,0,0,0,0
pulumi__automation-api-examples,0,0,19,0,0,0,0,0,0
pulumi__circleci,0,0,1,0,0,0,0,0,0
pulumi__docs,0,0,185,0,0,0,0,0,0
pulumi__examples,0,0,274,0,0,0,0,0,0
pulumi__facet,0,0,4,0,0,0,0,0,0
pulumi__pulumi,0,0,1,0,0,0,0,0,0
pulumi__pulumi-policy,0,0,56,0,0,0,0,0,0
pulumi__pulumi-self-hosted-installers,0,0,116,0,0,0,0,0,0
pulumi__templates,0,0,69,0,0,0,0,0,0
pulumi__templates-policy,0,0,29,0,0,0,0,0,0
pxscene__pxCore2,0,0,0,0,0,1,0,0,0
rachnakafle__MVC-Registration-with-MyPay-Payment-Integration,1,0,0,0,0,0,0,0,0
radius-project__bicep-types-aws,0,0,0,0,0,0,0,0,0
RafaySystems__getstarted,0,0,0,0,0,0,0,56,0
RafaySystems__terraform-provider-rafay,0,0,0,0,0,0,0,1,0
raffaelespazzoli__openshift-enablement-exam,0,0,0,0,7,0,0,2,0
rahulkiit__opaterraform,0,1,0,0,0,0,0,0,0
RamyasreeChakka__RegoPolicy,0,22,0,0,0,0,0,14,0
rancher__charts,0,0,0,0,0,0,0,45,0
rancher__kubewarden-ui,0,0,0,0,1,0,0,0,4
rancher__rancher,0,0,0,0,0,2,0,0,0
rarous__rarousnet,0,0,2,0,0,0,0,0,0
raspbernetes__k8s-security-policies,0,126,0,0,0,0,0,0,0
ratt-ru__makems,0,0,0,1,0,0,0,0,0
RawkodeAcademy__klustered,0,0,11,0,1,0,0,0,0
rdkcentral__pxCore,0,0,0,0,0,1,0,0,0
Reality-Hack-2022__TEAM-19,10,0,0,0,0,0,0,0,0
redhat-ai-services__ai-accelerator,0,0,0,0,9,0,0,0,0
redhat-appstudio__infra-deployments,0,0,0,0,6,0,0,0,0
redhat-cop__acm-policies,0,0,0,0,0,0,0,1,0
redhat-cop__rego-policies,0,60,0,0,0,0,0,0,0
redhat-na-ssa__hobbyist-guide-to-rhoai,0,0,0,0,2,0,0,0,0
redhat-openshift-ecosystem__certified-operators,0,0,0,0,144,0,0,0,0
redhat-openshift-ecosystem__community-operators-prod,0,0,0,0,0,0,0,0,0
regional-digital__jitsi-www,0,0,0,0,0,0,0,0,0
replicatedhq__kots-lint,0,4,0,0,0,0,0,0,0
replicatedhq__kURL,0,8,0,0,0,0,0,0,0
replicatedhq__kurlkinds,0,4,0,0,0,0,0,0,0
reply-fr__sustainable-personal-accounts,0,0,0,0,0,0,0,0,0
Resourcely-Inc__cloud-guardrails,0,0,0,0,0,0,0,0,0
reviewdog__action-regal,0,1,0,0,0,0,0,0,0
rewanthtammana__gatekeeper-rules-helm-library,0,0,0,0,0,0,0,35,0
RHsyseng__telco-operations,0,2,0,0,5,0,0,1,0
ripienaar__choria-compose,0,2,0,0,0,0,0,0,0
ritazh__psp-gatekeeper-policies,0,20,0,0,0,0,0,10,0
rob-blackbourn__jetblack-fixparser,0,0,0,0,0,0,0,0,0
Robot-Inventor__shadowban-scanner,0,0,0,0,0,0,4,0,0
rode__rode,0,10,0,0,0,0,0,0,0
rond-authz__rond,0,5,0,0,0,0,0,0,0
rowa78__k8s-gitops,0,0,0,0,2,0,0,0,0
RTUITLab__TacticMap,2,0,0,0,0,0,0,0,0
run-ai__fake-gpu-operator,0,0,0,0,0,0,0,0,0
runwhen-contrib__aws-c7n-codecollection,0,0,0,0,0,0,0,0,0
russolsen__ham_radio_question_pool,0,0,0,0,0,2,0,0,0
rwaltr__home-ops,0,0,0,0,2,0,0,0,0
rwth-acis__MixedRealityDart-Gruppe1,2,0,0,0,0,0,0,0,0
ryan-mcd__gitops-home-cluster,0,0,0,0,3,0,0,0,0
ryodocx__ical-proxy,0,1,0,0,0,0,0,0,0
salimbeni1__MRViz,2,0,0,0,0,0,0,0,0
SalishSeaCast__SS-run-sets,0,0,0,2,0,0,0,0,0
samirtahir91__github-app-operator,0,0,0,0,0,0,0,1,0
SamYuan1990__Probe,0,3,0,0,0,0,0,0,0
sapcc__gatekeeper-addons,0,0,0,0,0,0,0,1,0
sapcc__helm-charts,0,5,0,0,0,0,0,24,0
SAP__InfraBox,0,24,0,0,0,0,0,0,0
saturnhead__blog-examples,0,1,0,0,0,0,0,0,0
sbormolini__.NET,1,0,0,0,0,0,0,0,0
Scalr__sample-tf-opa-policies,0,62,0,0,0,0,0,0,0
schematic-energy__scio,0,0,4,0,0,0,0,0,0
schollz__poetry-generator,0,0,0,0,0,1,0,0,0
schrutek__SPG_POS,1,0,0,0,0,0,0,0,0
scimma__security-scripts,0,0,0,0,0,0,0,0,0
scionrep__scioncc,0,0,0,0,0,1,0,0,0
Scottin3d__TopoMap,11,0,0,0,0,0,0,0,0
ScottLogic__blog,0,0,0,0,0,1,0,0,0
screeley44__setupvm-dev,0,0,0,0,0,0,0,1,0
scribe-public__gitgat,0,40,0,0,0,0,0,0,0
scribe-public__sample-policies,0,153,0,0,0,0,0,0,0
sdsc-ordes__respecter,0,0,0,0,0,1,0,0,0
sebradloff__k8s-gatekeeper-policies-example,0,21,0,0,0,0,0,11,0
secmon-lab__alertchain,0,36,0,0,0,0,0,0,0
securekubernetes__securekubernetes,0,0,0,0,0,0,0,1,0
semaphoreio__semaphore,0,6,0,0,0,0,0,0,0
sergiibielskyi__fwdays22,2,0,0,0,0,0,0,0,0
sergueik__springboot_study,360,0,0,0,0,0,0,0,0
ShanguUncle__UnityChatHololens,4,0,0,0,0,0,0,0,0
shankar-r10n__spt-aca-hol,3,0,0,0,0,0,0,0,0
shevchenki__aws,0,0,0,0,1,0,0,0,0
ShipChain__transmission,0,0,0,0,0,4,0,0,0
shortlink-org__shortlink,0,0,0,0,88,0,0,0,0
Shuffle__python-apps,0,0,0,0,0,1,0,0,0
sighupio__container-signature-enforcer,0,0,0,0,0,0,0,0,0
sigstore__cosign-gatekeeper-provider,0,0,0,0,0,0,0,1,0
silasary__APxiv,0,0,0,0,0,0,0,0,0
silogen__cluster-forge,0,0,0,0,0,0,0,0,0
simonpannek__hololens-2-webrtc,2,0,0,0,0,0,0,0,0
sixeyed__kiamol,0,0,0,0,0,0,0,7,0
Smithsonite__TerraformInAction,2,0,0,0,0,0,0,0,0
smsilva__kubernetes,0,0,0,0,2,0,0,1,0
snltd__meetup-generator,0,0,0,0,0,0,0,0,0
snyk__kubernetes-monitor,0,1,0,0,0,0,0,0,0
snyk__policy-engine,0,40,0,0,0,0,0,0,0
snyk__snyk-iac-rules,0,19,0,0,0,0,0,0,0
softwaremill__meerkat,0,0,4,0,0,0,0,0,0
solo-io__hoot,0,6,0,0,0,0,0,0,0
Soluto__airbag,0,1,0,0,0,0,0,0,0
sorokinpf__docker_opa,0,15,0,0,0,0,0,0,0
sourcefuse__arc-docs,0,0,0,0,0,1,0,0,0
sourcefuse__backstage,0,0,0,0,0,1,0,0,0
sourcefuse__terraform-aws-arc-cloud-custodian,0,0,0,0,0,4,0,0,0
SovereignCloudStack__moin-cluster-config,0,0,0,0,2,0,0,0,0
spacelift-io__spacelift-policies-example-library,0,134,0,0,0,0,0,0,0
spacelift-io__terraform-spacelift-msteams,0,1,0,0,0,0,0,0,0
spacelift-solutions__demo,0,2,0,0,0,0,0,0,0
sphenlee__waterwheel,0,1,0,0,0,0,0,0,0
spidernet-io__egressgateway,0,0,0,0,2,0,0,0,0
Spike433__ferDIPL,1,0,0,0,0,0,0,0,0
spinnaker__spinnaker.io,0,0,0,0,1,0,0,0,0
srenatus__opa-wasm-browser,0,1,0,0,0,0,0,0,0
sst__sst,0,0,137,0,0,0,0,0,0
stackabletech__druid-opa-authorizer,0,1,0,0,0,0,0,0,0
stackql__stackql-provider-registry,0,0,0,0,2,0,0,0,0
star3am__hashiqube,14,0,0,0,0,0,0,0,0
startxfr__helm-repository,0,0,0,0,4,0,0,0,0
StatCan__gatekeeper-policies,0,12,0,0,0,0,0,39,0
statisticamd__sdg-data-moldova,0,0,0,0,0,0,0,0,0
statnett__image-scanner-operator,0,0,0,0,2,0,0,0,0
stellar-expert__stellar-expert-explorer,0,0,0,0,0,1,0,0,0
Stellaris-Evolved__stellaris-evolved,0,0,0,0,0,4,0,0,0
stelligent__cloud-custodian-example,0,0,0,0,0,1,0,0,0
stormearthandlava__stormearthandlava.github.io,0,0,0,0,0,1,0,0,0
strFelix__RpgApi,1,0,0,0,0,0,0,0,0
StyraInc__academy-samples,0,8,0,0,0,0,0,0,0
StyraInc__enterprise-opa,0,10,0,0,0,0,0,0,0
StyraInc__graphql-apollo-example,0,3,0,0,0,0,0,0,0
StyraInc__lib.jwt,0,9,0,0,0,0,0,0,0
StyraInc__opa-aws-cloudformation-hook,0,29,0,0,0,0,0,0,0
StyraInc__opa-csharp,0,4,0,0,0,0,0,0,0
StyraInc__opa-java,0,4,0,0,0,0,0,0,0
StyraInc__opa-java-wasm,0,9,0,0,0,0,0,0,0
StyraInc__regal,0,277,0,0,0,0,0,0,0
StyraInc__rego-cheat-sheet,0,17,0,0,0,0,0,0,0
StyraInc__styra-demo-tickethub,0,7,0,0,0,0,0,0,0
Sunbird-Lern__userorg-service,0,2,0,0,0,4,0,0,0
suzuki-shunsuke__tfaction,0,1,0,0,0,0,0,0,0
svopper__munaiah-analyser,0,0,0,0,0,3,0,0,0
swgriffith__azure-guides,0,0,0,0,0,0,0,3,0
syedMSohaib__jitsi-video-conferencing,0,0,0,0,0,0,0,0,0
synmetrix__synmetrix,0,0,7,0,0,0,0,0,0
synthesized-io__tdk-microservices-demo,0,0,0,0,1,0,0,0,0
sysnet4admin__IaC,0,0,0,0,0,0,0,0,0
tallen94__iam,0,0,0,0,2,0,0,0,0
tdhanapl__terraform_basic,7,0,0,0,0,0,0,0,0
technoavengers__Kubernetes_Fundamentals,0,1,0,0,0,0,0,3,0
tenable__terrascan,0,350,0,0,1,0,0,0,0
teq0__opa-k8s-admission,0,5,0,0,0,0,0,0,0
terraform-google-modules__terraform-example-foundation,0,3,0,0,0,0,0,81,0
terraform-in-action__manning-code,2,0,0,0,0,0,0,0,0
teslamotors__coreboot,1,0,0,0,0,0,0,0,0
testifysec__archivista-data-provider,0,0,0,0,0,0,0,1,0
tfxor__terraform-aws-automation-demo,1,0,0,0,0,0,0,0,0
ThalesGroup__dke-service-setup,0,1,0,0,0,0,0,0,0
thdblinux__sre_devops-stacks,0,0,0,0,4,0,0,0,0
The-Triumvirate__Imperium-Universalis,0,0,0,0,0,2,0,0,0
TheDarthMole__upswake,0,3,0,0,0,0,0,0,0
theemadnes__acm-demo-journey,0,0,0,0,0,0,0,1,0
Themis-Team__ThemisCore,0,0,0,1,0,0,0,0,0
TheRealHaoLiu__example-opa-policy-for-aap,0,20,0,0,0,0,0,0,0
theTJCloudWalker__DataBase2022,2,0,0,0,0,0,0,0,0
thexa4__source-pbr,14,0,0,0,0,0,0,0,0
thoth-station__thoth-application,0,5,0,0,0,0,0,0,0
thuanbx193__vcrx-app,0,0,0,0,0,0,0,0,0
TIBCOSoftware__platform-provisioner,0,0,0,0,0,0,0,0,0
ticketmaster__rules_opa,0,4,0,0,0,0,0,0,0
tidepool-org__clinic,0,1,0,0,0,1,0,0,0
tidepool-org__TidepoolApi,0,0,0,0,0,5,0,0,0
tigera-solutions__calicocloud-kaas-workshop-demo,0,0,0,0,0,0,0,2,0
tilt-dev__tilt-extensions,0,0,1,0,0,0,0,0,0
timo-reymann__gitlab-ci-verify,0,7,0,0,0,0,0,0,0
timtorChen__homelab,0,0,0,0,1,0,0,0,0
tinymce__openai-proxy-reference-implementation,0,4,0,0,0,0,0,0,0
titola__incudine,0,54,0,0,0,0,0,0,0
TobiasDeBruijn__HomelabKubernetes,0,0,0,0,19,0,0,0,0
toboshii__home-ops,0,0,0,0,4,0,0,0,0
topmonks__hlidac-shopu,0,0,5,0,0,0,0,0,0
toyamarinyon__paywall-starter,0,0,1,0,0,0,0,0,0
TralahM__pytekswift,0,0,0,0,0,0,0,0,0
trendmicro__cloudone-container-security-helm,0,0,0,0,2,0,0,0,0
trevorbox__service-mesh-patterns,0,0,0,0,0,0,0,3,0
TrueTechLabs__fabric-trace,0,2,0,0,0,0,0,0,0
tuxpeople__k8s-homelab,0,0,0,0,5,0,0,0,0
tvories__k8s-gitops,0,0,0,0,14,0,0,0,0
TwitchPlaysPokemon__pbr-movesets,0,0,0,0,0,0,0,0,0
twplatformlabs__dps-starterkit-java,0,3,0,0,0,0,0,0,0
tx7do__kratos-authz,0,6,0,0,0,0,0,0,0
ualberta-smr__PyMigBench,0,0,0,0,0,3,0,0,0
UBC-X-Lab__SurfShare,4,0,0,0,0,0,0,0,0
ucsdlib__CA_lib_oration,0,0,0,0,0,1,0,0,0
Udaara__sinasco,0,9,0,0,0,0,0,0,0
uhhhci__immersive-ngp,2,0,0,0,0,0,0,0,0
uhhhci__RealityFusion,2,0,0,0,0,0,0,0,0
ulissigroup__wherewulff,0,0,0,0,0,1,0,0,0
UNINETTSigma2__helm-charts,0,4,0,0,0,0,0,0,0
UniSiegenWiNeMe__AR-Instructions-Unity,2,0,0,0,0,0,0,0,0
UnstoppableMango__the-cluster,0,0,439,0,0,0,0,0,0
upbound__configuration-eks,0,0,0,0,1,0,0,0,0
uptycslabs__kspm-helm-charts,0,0,0,0,0,0,0,1,0
USA-RedDragon__home-cluster-flux,0,0,0,0,7,0,0,0,0
usnistgov__smartcitiesarchitecture,0,0,0,0,0,1,0,0,0
utilitywarehouse__gatekeeper-template-manifests,0,18,0,0,0,0,0,9,0
utilitywarehouse__semaphore-xds,0,0,0,0,2,0,0,0,0
utilitywarehouse__system-manifests,0,0,0,0,36,0,0,0,0
Vaarun-C__DiagramsToCode,0,0,0,0,2,0,0,0,0
valex1984__katacoda-scenarios,0,22,0,0,0,0,0,0,0
vawser__Fallout-Mod,0,0,0,0,0,37,0,0,0
vazkarvishal__vishal-vazkar-poc-collection,0,0,0,0,2,0,0,0,0
VBAndCs__Vazor,2,0,0,0,0,0,0,0,0
vbandi__HL2-ResearchMode,4,0,0,0,0,0,0,0,0
veraison__services,0,0,0,0,0,0,0,0,0
VergeOps__k8s-rvstore,0,0,0,0,0,0,0,2,0
Veridax__privapi,0,0,0,0,0,1,0,0,0
Verizon__5GEdgeTutorials,0,0,0,0,3,0,0,0,0
vfarcic__cncf-demo,0,0,0,0,4,1,0,3,1
vfiftyfive__dadjokes,0,0,0,0,1,0,0,0,0
vicenteherrera__starter-k8s,0,0,0,0,0,0,0,11,0
Vikaspogu__openshift-multicluster,0,0,0,0,9,0,0,0,0
ViktorUJ__cks,0,0,0,0,0,0,0,3,0
VitorAraujoAlcantara__youtube-samples,2,0,0,0,0,0,0,0,0
viva19__CloudCustodianRules,0,0,0,0,0,3,0,0,0
Vizuri__openshift-fhir-rules-microservices,0,0,0,0,0,1,0,0,0
vmware-tanzu__kubeapps,0,0,0,0,0,1,0,0,0
vmware__dod-compliance-and-automation,0,0,0,0,0,0,0,18,0
vrk-kpa__opendata,0,0,0,0,0,1,0,0,0
vvhit-solutions__AzureDevops-Training,2,0,0,0,0,0,0,0,0
WallarooLabs__wallaroo_blog_examples,0,0,2,0,0,0,0,0,0
WallarooLabs__wally,0,0,4,0,0,0,0,0,0
walt-id__waltid-ssikit,0,6,0,0,0,2,0,0,0
warroyo__tmc-bootstrap-automation,0,0,0,0,0,0,0,1,0
wealthbot-io__wealthbot,0,0,0,0,0,16,0,0,0
weaveworks__policy-library,0,332,0,0,0,1,0,0,0
web3infra-foundation__mega,0,0,0,1,0,0,0,0,0
web3privacy__explorer-data,0,0,0,0,0,1,0,0,0
webiny__webiny-js,0,0,73,0,0,0,0,0,0
WeCamp__pegski,0,0,0,0,0,2,0,0,0
whchoi98__myeks,0,0,0,0,0,0,0,0,0
wijez__crown_file_processing,0,2,0,0,0,0,0,0,0
willbossle__LINUXtips-PICK,0,0,0,0,2,0,0,0,0
willhausman__dopa,0,2,0,0,0,0,0,0,0
willhausman__dopa.cli,0,3,0,0,0,0,0,0,0
wkspower__wks-platform,0,14,0,0,0,0,0,0,0
wolfgangunger__aws-advanced,0,0,0,0,1,0,0,0,0
worldbank__sdg-metadata,0,0,0,0,0,80,0,0,0
wtchhb__SecHub,0,0,0,0,0,1,0,0,1
X-lab2017__open-digger,0,0,0,0,0,4,0,0,0
xchapter7x__hcunit,0,17,0,0,0,0,0,0,0
XenitAB__gatekeeper-library,0,15,0,0,0,0,0,58,0
XgridInc__xc3,0,0,0,0,0,7,0,0,0
xiyuii__Chaincode,0,2,0,0,0,0,0,0,0
xratq__group_project,1,0,0,0,0,0,0,0,0
XuananLe__RealtimeChat,1,0,0,0,0,0,0,0,0
y13i__cfn-schema,0,0,0,0,1,0,0,0,0
yantra-vinyasa__multi-cluster-configs,0,0,0,0,10,0,0,0,0
yeo__betterdev.link,0,0,0,0,0,1,0,0,0
YunosukeY__policy-for-pss,0,39,0,0,0,0,0,1,0
zakizadeh__MicroservicesBasedApp,9,0,0,0,0,0,0,0,0
Zamanof__4211_ru,10,0,0,0,0,0,0,0,0
zhenglin-charlie-li__Coding_In_University,1,0,0,0,0,0,0,0,0
zMenta__Ulbra,2,0,0,0,0,0,0,0,0
zntrio__harp,0,4,0,0,0,0,0,0,0
ZUGFeRD__quba-viewer,0,0,0,0,0,0,3,0,0
